cityname,url
hup-kiong-pte-ltd,https://www.instagram.com/explore/locations/1882315665335723/hup-kiong-pte-ltd/
marina-south-singapore,https://www.instagram.com/explore/locations/1025908418/marina-south-singapore/
charlton-park-singapore,https://www.instagram.com/explore/locations/277122671/charlton-park-singapore/
aftc,https://www.instagram.com/explore/locations/531076/aftc/
pink-place,https://www.instagram.com/explore/locations/1786274498318350/pink-place/
28-defu-lane-4,https://www.instagram.com/explore/locations/923129744/28-defu-lane-4/
gds-engineering-pte-ltd,https://www.instagram.com/explore/locations/1016418882/gds-engineering-pte-ltd/
eastcoast-park,https://www.instagram.com/explore/locations/280138005437258/eastcoast-park/
sin-hong-poh-metal-trading,https://www.instagram.com/explore/locations/564361613975336/sin-hong-poh-metal-trading/
commune,https://www.instagram.com/explore/locations/298846088/commune/
defu-lane-3,https://www.instagram.com/explore/locations/24829206/defu-lane-3/
espo,https://www.instagram.com/explore/locations/483837828767669/espo/
heng-long-leather-co-pte-ltd,https://www.instagram.com/explore/locations/267172992/heng-long-leather-co-pte-ltd/
changi-airport-terminal-2-gate-e28,https://www.instagram.com/explore/locations/476962858/changi-airport-terminal-2-gate-e28/
paya-lebar-airbasesquadron-122,https://www.instagram.com/explore/locations/405881523/paya-lebar-airbasesquadron-122/
chye-choon-foods-pte-ltd,https://www.instagram.com/explore/locations/597536200426269/chye-choon-foods-pte-ltd/
23-defu-lane-4,https://www.instagram.com/explore/locations/399498871/23-defu-lane-4/
19-defu-ave-2,https://www.instagram.com/explore/locations/747040962329060/19-defu-ave-2/
commune-defu-showroom,https://www.instagram.com/explore/locations/155583218178817/commune-defu-showroom/
521-airport-road,https://www.instagram.com/explore/locations/310627933086005/521-airport-road/
defu-lane-2,https://www.instagram.com/explore/locations/249669672/defu-lane-2/
think-one-18-defu-ave-2,https://www.instagram.com/explore/locations/1031077438/think-one-18-defu-ave-2/
no9-defu-lane-3,https://www.instagram.com/explore/locations/273984223279239/no9-defu-lane-3/
the-wedding-props,https://www.instagram.com/explore/locations/341808103171626/the-wedding-props/
eric-wong-machinery-tpt-pl,https://www.instagram.com/explore/locations/190029794361116/eric-wong-machinery-tpt-pl/
office-,https://www.instagram.com/explore/locations/275737729123591/office-/
defu-lane-7-no-42,https://www.instagram.com/explore/locations/289302651166278/defu-lane-7-no-42/
koda-ltd-28-defu-lane-4,https://www.instagram.com/explore/locations/403921321/koda-ltd-28-defu-lane-4/
15-defu-lane-3,https://www.instagram.com/explore/locations/277275002/15-defu-lane-3/
1011-production,https://www.instagram.com/explore/locations/1520922821556304/1011-production/
indeco-engineersdefu-lane-8,https://www.instagram.com/explore/locations/566501172/indeco-engineersdefu-lane-8/
defu-lana,https://www.instagram.com/explore/locations/482384788487497/defu-lana/
dalam-kereta-driver-f1,https://www.instagram.com/explore/locations/276334885/dalam-kereta-driver-f1/
defu-ave-2,https://www.instagram.com/explore/locations/230133467001972/defu-ave-2/
34-defu-lane-3,https://www.instagram.com/explore/locations/191913920828944/34-defu-lane-3/
sysma,https://www.instagram.com/explore/locations/1083347705193318/sysma/
meng-hui-sons-co,https://www.instagram.com/explore/locations/1014750126/meng-hui-sons-co/
exoterior-services,https://www.instagram.com/explore/locations/342093522938863/exoterior-services/
30-defu-lane-3,https://www.instagram.com/explore/locations/367315123875042/30-defu-lane-3/
aes-paya-lebar-airbase-lecture-rm,https://www.instagram.com/explore/locations/373566410034256/aes-paya-lebar-airbase-lecture-rm/
eric-wong-machinery-tpt-pte-ltd,https://www.instagram.com/explore/locations/719169708466944/eric-wong-machinery-tpt-pte-ltd/
kallang-paya-leber-expressway,https://www.instagram.com/explore/locations/1020094502/kallang-paya-leber-expressway/
cast-laboratory,https://www.instagram.com/explore/locations/360946237/cast-laboratory/
kpe-exit-sengkang,https://www.instagram.com/explore/locations/466902154/kpe-exit-sengkang/
the-chickenstall,https://www.instagram.com/explore/locations/1976148349286661/the-chickenstall/
koda-ltd,https://www.instagram.com/explore/locations/1029659262/koda-ltd/
19-defu-lane-8,https://www.instagram.com/explore/locations/1736543646617313/19-defu-lane-8/
mhg-architectural-glass,https://www.instagram.com/explore/locations/101257606053139/mhg-architectural-glass/
gee-hock-hardware-co,https://www.instagram.com/explore/locations/2323701131285085/gee-hock-hardware-co/
little-professor-hougang,https://www.instagram.com/explore/locations/1439118509649319/little-professor-hougang/
kpe-tpe,https://www.instagram.com/explore/locations/193251284039423/kpe-tpe/
122-squadron,https://www.instagram.com/explore/locations/185430745702780/122-squadron/
simei-ite-east-college,https://www.instagram.com/explore/locations/469609682/simei-ite-east-college/
payar-lebar-airport,https://www.instagram.com/explore/locations/741174772/payar-lebar-airport/
?locale=en_US,https://help.instagram.com/581066165581870/?locale=en_US
