cityname,url
knots-cafe-and-living,https://www.instagram.com/explore/locations/1520197478286851/knots-cafe-and-living/
police-station,https://www.instagram.com/explore/locations/1016334978/police-station/
lorong-koo-chye-sheng-hong-temple,https://www.instagram.com/explore/locations/248033192/lorong-koo-chye-sheng-hong-temple/
oxley-bizhububi-road-1geylangsingapore-industrial-properties,https://www.instagram.com/explore/locations/237882750/oxley-bizhububi-road-1geylangsingapore-industrial-properties/
smart-consumer,https://www.instagram.com/explore/locations/244323385/smart-consumer/
yamato-izakaya,https://www.instagram.com/explore/locations/1637150643028043/yamato-izakaya/
cats-garage-singapore,https://www.instagram.com/explore/locations/1041054529401309/cats-garage-singapore/
rikecool-xpel-singapore,https://www.instagram.com/explore/locations/185826622009/rikecool-xpel-singapore/
climb-asia,https://www.instagram.com/explore/locations/215784971/climb-asia/
macpherson-residency,https://www.instagram.com/explore/locations/298134575/macpherson-residency/
starhub-green,https://www.instagram.com/explore/locations/476855/starhub-green/
orange-studios,https://www.instagram.com/explore/locations/256691711/orange-studios/
ubi-singapore,https://www.instagram.com/explore/locations/1682021605353213/ubi-singapore/
attea-sg,https://www.instagram.com/explore/locations/116574336869039/attea-sg/
dreamcore,https://www.instagram.com/explore/locations/1638731199762273/dreamcore/
rikecool-xpel-sg-installation-centre,https://www.instagram.com/explore/locations/614133239/rikecool-xpel-sg-installation-centre/
audi-premium-automobiles-ubi,https://www.instagram.com/explore/locations/235370105/audi-premium-automobiles-ubi/
traffic-police-headquarters,https://www.instagram.com/explore/locations/236074733/traffic-police-headquarters/
tableminis,https://www.instagram.com/explore/locations/251405599120393/tableminis/
ub-one,https://www.instagram.com/explore/locations/5708490/ub-one/
62-ubi-road-1-oxley-bizhub-2,https://www.instagram.com/explore/locations/280617892/62-ubi-road-1-oxley-bizhub-2/
give-fun,https://www.instagram.com/explore/locations/1021607572/give-fun/
vertex-building,https://www.instagram.com/explore/locations/334928203695307/vertex-building/
the-ride-side,https://www.instagram.com/explore/locations/101025188303396/the-ride-side/
tora-tora-tora,https://www.instagram.com/explore/locations/102134599184533/tora-tora-tora/
aos-bath,https://www.instagram.com/explore/locations/1633653500241293/aos-bath/
pink-blossoms-brewing,https://www.instagram.com/explore/locations/273440987794752/pink-blossoms-brewing/
the-board-shop-singapore,https://www.instagram.com/explore/locations/290413347/the-board-shop-singapore/
tamiya-stargek,https://www.instagram.com/explore/locations/238012683/tamiya-stargek/
style-haus-studios,https://www.instagram.com/explore/locations/259600361/style-haus-studios/
frontier-50-ubi-ave-3,https://www.instagram.com/explore/locations/5431814/frontier-50-ubi-ave-3/
summer-palace,https://www.instagram.com/explore/locations/743129713/summer-palace/
ubi-view-focus-one,https://www.instagram.com/explore/locations/251804427/ubi-view-focus-one/
thermomix-singapore,https://www.instagram.com/explore/locations/497930570392527/thermomix-singapore/
public-transport-security-command,https://www.instagram.com/explore/locations/268813428/public-transport-security-command/
vertex,https://www.instagram.com/explore/locations/7579530/vertex/
ippa-athu-therinju-nee-enna-pannapora,https://www.instagram.com/explore/locations/296461760435473/ippa-athu-therinju-nee-enna-pannapora/
yeomama-batik,https://www.instagram.com/explore/locations/362067440906577/yeomama-batik/
tien-sen-tua-temple,https://www.instagram.com/explore/locations/360250231/tien-sen-tua-temple/
funbie-studios,https://www.instagram.com/explore/locations/264378953683263/funbie-studios/
the-studio-loft,https://www.instagram.com/explore/locations/1006666342/the-studio-loft/
espace-service-centre,https://www.instagram.com/explore/locations/21989495/espace-service-centre/
axle-motors-sg,https://www.instagram.com/explore/locations/339980243200260/axle-motors-sg/
az-at-paya-lebar,https://www.instagram.com/explore/locations/732946916/az-at-paya-lebar/
jd-sports-singapore,https://www.instagram.com/explore/locations/181399455865099/jd-sports-singapore/
masonry-studios,https://www.instagram.com/explore/locations/198918467162129/masonry-studios/
autobacs-singapore,https://www.instagram.com/explore/locations/236805816/autobacs-singapore/
s1-motoring,https://www.instagram.com/explore/locations/820450649/s1-motoring/
ubi,https://www.instagram.com/explore/locations/412028701/ubi/
thailand-phuket-padong-beach,https://www.instagram.com/explore/locations/590566783/thailand-phuket-padong-beach/
mushroom-kingdom,https://www.instagram.com/explore/locations/1014115850/mushroom-kingdom/
ub3-bistro,https://www.instagram.com/explore/locations/108004031654491/ub3-bistro/
autowash24sg,https://www.instagram.com/explore/locations/100969472818118/autowash24sg/
tinytodds,https://www.instagram.com/explore/locations/1792690827714159/tinytodds/
rehabzone-sg,https://www.instagram.com/explore/locations/402871360/rehabzone-sg/
zouk-jiak-kim-street,https://www.instagram.com/explore/locations/576258658/zouk-jiak-kim-street/
aeroviation,https://www.instagram.com/explore/locations/386171381836522/aeroviation/
lorgans-the-retro-store,https://www.instagram.com/explore/locations/256033522/lorgans-the-retro-store/
6-ubi-road-1-wintech-centre,https://www.instagram.com/explore/locations/666072/6-ubi-road-1-wintech-centre/
cool-cheese-studios,https://www.instagram.com/explore/locations/150185165386231/cool-cheese-studios/
studio-on-3rd-avenue,https://www.instagram.com/explore/locations/284194532/studio-on-3rd-avenue/
lord-buddha-templesg,https://www.instagram.com/explore/locations/109329960562818/lord-buddha-templesg/
loudanclear,https://www.instagram.com/explore/locations/298064947536969/loudanclear/
lian-seng-hin-trading-co-pte-ltd,https://www.instagram.com/explore/locations/1932585046955500/lian-seng-hin-trading-co-pte-ltd/
orionpayalebar,https://www.instagram.com/explore/locations/418139/orionpayalebar/
drink2connect,https://www.instagram.com/explore/locations/1029675763/drink2connect/
oxley-bizhub-2-industrial-building-singapore,https://www.instagram.com/explore/locations/246145259/oxley-bizhub-2-industrial-building-singapore/
musospace,https://www.instagram.com/explore/locations/102685258848995/musospace/
art-dimension-studio,https://www.instagram.com/explore/locations/420165855079928/art-dimension-studio/
leo-studio,https://www.instagram.com/explore/locations/668298579/leo-studio/
macpherson-secondary-school,https://www.instagram.com/explore/locations/518543893/macpherson-secondary-school/
cafe-limonci,https://www.instagram.com/explore/locations/101081606260616/cafe-limonci/
als-tyre-shop,https://www.instagram.com/explore/locations/348959785118803/als-tyre-shop/
admira-pte-ltd,https://www.instagram.com/explore/locations/137298971/admira-pte-ltd/
yummi-house-singapore,https://www.instagram.com/explore/locations/580153276/yummi-house-singapore/
meats-n-malts,https://www.instagram.com/explore/locations/1153280561412506/meats-n-malts/
yan-chuan-roaster-centre,https://www.instagram.com/explore/locations/274283930/yan-chuan-roaster-centre/
studioplay,https://www.instagram.com/explore/locations/128635063874013/studioplay/
da-sheng-minced-pork-noodle,https://www.instagram.com/explore/locations/917058138/da-sheng-minced-pork-noodle/
mei-mei-roast,https://www.instagram.com/explore/locations/1021163338/mei-mei-roast/
thai-temple,https://www.instagram.com/explore/locations/341024832/thai-temple/
equip-design-the-lock-shop-previously-from-plaza-singapura,https://www.instagram.com/explore/locations/582840221735272/equip-design-the-lock-shop-previously-from-plaza-singapura/
scuba-warehouse-pte-ltd,https://www.instagram.com/explore/locations/274678056/scuba-warehouse-pte-ltd/
adam-chan-guitars,https://www.instagram.com/explore/locations/332879500517391/adam-chan-guitars/
aztech-building,https://www.instagram.com/explore/locations/1265084/aztech-building/
juntostarc,https://www.instagram.com/explore/locations/265638323615480/juntostarc/
vertex-ubi-ave-3,https://www.instagram.com/explore/locations/787585057/vertex-ubi-ave-3/
fong-kim-exhaust-system-pte-ltd,https://www.instagram.com/explore/locations/2167396/fong-kim-exhaust-system-pte-ltd/
blessed-grace-church,https://www.instagram.com/explore/locations/44313298/blessed-grace-church/
mocha-chai-laboratories,https://www.instagram.com/explore/locations/514358999/mocha-chai-laboratories/
in-my-office,https://www.instagram.com/explore/locations/268052047/in-my-office/
nachuraru-pte-ltd,https://www.instagram.com/explore/locations/573148676198622/nachuraru-pte-ltd/
alpha-fitness,https://www.instagram.com/explore/locations/608126512710826/alpha-fitness/
oxley-bizhub,https://www.instagram.com/explore/locations/239189087/oxley-bizhub/
chroma-living,https://www.instagram.com/explore/locations/1971236226461686/chroma-living/
pioneer-tackle-singapore,https://www.instagram.com/explore/locations/361493030911315/pioneer-tackle-singapore/
arumugam-road,https://www.instagram.com/explore/locations/784168/arumugam-road/
wintech-centre,https://www.instagram.com/explore/locations/258449289/wintech-centre/
ubi-ave-2,https://www.instagram.com/explore/locations/2939639/ubi-ave-2/
good-bye,https://www.instagram.com/explore/locations/165513483503936/good-bye/
thunderbolt-tea-by-boon-lay-traditional-hakka-lui-cha,https://www.instagram.com/explore/locations/335055157445030/thunderbolt-tea-by-boon-lay-traditional-hakka-lui-cha/
living-gems-singapore,https://www.instagram.com/explore/locations/666495746876209/living-gems-singapore/
vertex-33-ubi-avenue-3-singapore,https://www.instagram.com/explore/locations/273344167/vertex-33-ubi-avenue-3-singapore/
ub-one,https://www.instagram.com/explore/locations/312275029131547/ub-one/
mk-curtain-singapore,https://www.instagram.com/explore/locations/102868265213750/mk-curtain-singapore/
ddoubles,https://www.instagram.com/explore/locations/182554402203487/ddoubles/
tad-coffee-company,https://www.instagram.com/explore/locations/603236346676216/tad-coffee-company/
art-pop-studio,https://www.instagram.com/explore/locations/100489825911472/art-pop-studio/
rocky-master-singapore,https://www.instagram.com/explore/locations/226694814885845/rocky-master-singapore/
lorong-koo-chye-sheng-hong-temple-association,https://www.instagram.com/explore/locations/1148999/lorong-koo-chye-sheng-hong-temple-association/
lady-grey,https://www.instagram.com/explore/locations/102524926200051/lady-grey/
active-hive-lifestyle-wellness-hub,https://www.instagram.com/explore/locations/681547545/active-hive-lifestyle-wellness-hub/
equip-bathrooms-pte-ltd,https://www.instagram.com/explore/locations/712722133/equip-bathrooms-pte-ltd/
tuesdaeg-creative-space,https://www.instagram.com/explore/locations/1019564280/tuesdaeg-creative-space/
sugar-spice,https://www.instagram.com/explore/locations/627025800817489/sugar-spice/
absolute-costumez,https://www.instagram.com/explore/locations/499849120539709/absolute-costumez/
affinite-concept-by-jack-cars,https://www.instagram.com/explore/locations/130620385114845/affinite-concept-by-jack-cars/
justrentlah,https://www.instagram.com/explore/locations/354853888325620/justrentlah/
ubi-road-3,https://www.instagram.com/explore/locations/2665167/ubi-road-3/
soon-lee,https://www.instagram.com/explore/locations/882292/soon-lee/
edentechsg-by-heng-suay-llp,https://www.instagram.com/explore/locations/140808179268298/edentechsg-by-heng-suay-llp/
az-building-140-paya-lebar-road-macpherson-ubi-cc-singapore-mrt,https://www.instagram.com/explore/locations/259768150774651/az-building-140-paya-lebar-road-macpherson-ubi-cc-singapore-mrt/
property-lim-brothers,https://www.instagram.com/explore/locations/725060267659092/property-lim-brothers/
planet-motor-cycle-service-centre,https://www.instagram.com/explore/locations/251159325/planet-motor-cycle-service-centre/
first-stop-kitchen,https://www.instagram.com/explore/locations/102022755949977/first-stop-kitchen/
block-3014-ubi-road-1,https://www.instagram.com/explore/locations/237949320070936/block-3014-ubi-road-1/
bcreative-productions,https://www.instagram.com/explore/locations/697142984/bcreative-productions/
sgh-singapore-general-hotel,https://www.instagram.com/explore/locations/270573763073304/sgh-singapore-general-hotel/
mobot,https://www.instagram.com/explore/locations/101825115274808/mobot/
no21-ubi-road-1,https://www.instagram.com/explore/locations/242847939887489/no21-ubi-road-1/
1961,https://www.instagram.com/explore/locations/1138579789587866/1961/
crocodile-house,https://www.instagram.com/explore/locations/2169705/crocodile-house/
noble-interior-design,https://www.instagram.com/explore/locations/116426025809556/noble-interior-design/
wecofa-digital-marketing-agency,https://www.instagram.com/explore/locations/2223846517883012/wecofa-digital-marketing-agency/
67-starhub-green-ubi,https://www.instagram.com/explore/locations/1032702035/67-starhub-green-ubi/
ltgremlin-military-plaques,https://www.instagram.com/explore/locations/109890067342698/ltgremlin-military-plaques/
h-concept-asia,https://www.instagram.com/explore/locations/578544743/h-concept-asia/
ubi-avenue-3,https://www.instagram.com/explore/locations/31222905/ubi-avenue-3/
bffsgskincare,https://www.instagram.com/explore/locations/122094712124007805/bffsgskincare/
summit-building,https://www.instagram.com/explore/locations/14777561/summit-building/
wonder-facility,https://www.instagram.com/explore/locations/1035007566/wonder-facility/
yi-wisdom-culture,https://www.instagram.com/explore/locations/624174554629790/yi-wisdom-culture/
love-me-do-image-studio,https://www.instagram.com/explore/locations/849162581849034/love-me-do-image-studio/
foodieland-singapore,https://www.instagram.com/explore/locations/450062535114094/foodieland-singapore/
aims-learning-international-singapore,https://www.instagram.com/explore/locations/169445246409184/aims-learning-international-singapore/
jt-studio,https://www.instagram.com/explore/locations/1434586780106656/jt-studio/
traffic-police-hq,https://www.instagram.com/explore/locations/1443825/traffic-police-hq/
altyres,https://www.instagram.com/explore/locations/153478131762915/altyres/
aspirasi-food-galore-catering,https://www.instagram.com/explore/locations/251991337/aspirasi-food-galore-catering/
arumugan-road,https://www.instagram.com/explore/locations/309957619788072/arumugan-road/
philips-digital-lock-singapore,https://www.instagram.com/explore/locations/113053520536952/philips-digital-lock-singapore/
eight-design-top-residential-commercial-ids,https://www.instagram.com/explore/locations/482395991849800/eight-design-top-residential-commercial-ids/
crescendo-interior-designers,https://www.instagram.com/explore/locations/856998440/crescendo-interior-designers/
carz-world-pte-ltd,https://www.instagram.com/explore/locations/1022281564/carz-world-pte-ltd/
oxley-bizhub-1,https://www.instagram.com/explore/locations/261542474/oxley-bizhub-1/
hong-leong-yamaha-singapore,https://www.instagram.com/explore/locations/1032798694/hong-leong-yamaha-singapore/
lanzavecchia-wai-design-studio-singapura,https://www.instagram.com/explore/locations/820975575/lanzavecchia-wai-design-studio-singapura/
attap-house,https://www.instagram.com/explore/locations/1560561517579292/attap-house/
propup-store,https://www.instagram.com/explore/locations/635578519928502/propup-store/
saylah-studios,https://www.instagram.com/explore/locations/109385725285647/saylah-studios/
khcycle-ecp,https://www.instagram.com/explore/locations/1848654/khcycle-ecp/
public-transport-security-command,https://www.instagram.com/explore/locations/1524621/public-transport-security-command/
the-clover-photo,https://www.instagram.com/explore/locations/503675263089638/the-clover-photo/
kunlivingsg,https://www.instagram.com/explore/locations/105013518637090/kunlivingsg/
ubi-rd-1,https://www.instagram.com/explore/locations/14818504/ubi-rd-1/
feetcare,https://www.instagram.com/explore/locations/158358377690405/feetcare/
hebeloft,https://www.instagram.com/explore/locations/1539285259677703/hebeloft/
kactus-singapore,https://www.instagram.com/explore/locations/107987373910398/kactus-singapore/
butter-prints-t-shirt-printing,https://www.instagram.com/explore/locations/732649587/butter-prints-t-shirt-printing/
audi-service-centre,https://www.instagram.com/explore/locations/235369986/audi-service-centre/
traffic-police-department,https://www.instagram.com/explore/locations/500849603614388/traffic-police-department/
fu-kang-healthcare-supply-pte-ltd,https://www.instagram.com/explore/locations/248401388584/fu-kang-healthcare-supply-pte-ltd/
wong-poh-kopitiam,https://www.instagram.com/explore/locations/220671985135993/wong-poh-kopitiam/
luxur,https://www.instagram.com/explore/locations/964383006/luxur/
ubi-avenue,https://www.instagram.com/explore/locations/258732783/ubi-avenue/
ace-building-paya-lebar-rd,https://www.instagram.com/explore/locations/290476915/ace-building-paya-lebar-rd/
yi-guang-factory-buildingwarehouse,https://www.instagram.com/explore/locations/216985021/yi-guang-factory-buildingwarehouse/
mc2,https://www.instagram.com/explore/locations/1027110337/mc2/
mirror-made-for-u,https://www.instagram.com/explore/locations/1552315975033415/mirror-made-for-u/
pizza-addiction-sg,https://www.instagram.com/explore/locations/107175724169015/pizza-addiction-sg/
the-press-room,https://www.instagram.com/explore/locations/34051975/the-press-room/
178-paya-lebar-road,https://www.instagram.com/explore/locations/1396636/178-paya-lebar-road/
ubi-road-1-johnsonstickers,https://www.instagram.com/explore/locations/267314556/ubi-road-1-johnsonstickers/
speckled-space,https://www.instagram.com/explore/locations/2347071558691401/speckled-space/
multico-building-products-pte-ltd,https://www.instagram.com/explore/locations/845184458888244/multico-building-products-pte-ltd/
onthego,https://www.instagram.com/explore/locations/102188534925883/onthego/
team-n2cs-spirit,https://www.instagram.com/explore/locations/66874763815/team-n2cs-spirit/
flo,https://www.instagram.com/explore/locations/418229488648078/flo/
build-a-brick-studio,https://www.instagram.com/explore/locations/112997711379606/build-a-brick-studio/
studio-b-interior,https://www.instagram.com/explore/locations/112812338413618/studio-b-interior/
61-ubi-road-1-oxley-bizhub,https://www.instagram.com/explore/locations/515616419/61-ubi-road-1-oxley-bizhub/
kuromori-bike-co,https://www.instagram.com/explore/locations/1021195982/kuromori-bike-co/
jmotowerkz,https://www.instagram.com/explore/locations/492878320/jmotowerkz/
avs-printing-pte-ltd,https://www.instagram.com/explore/locations/48515386/avs-printing-pte-ltd/
steigen-singapore,https://www.instagram.com/explore/locations/1468375103385701/steigen-singapore/
3026-ubi-ave-1-waroeng-esmeralda,https://www.instagram.com/explore/locations/276421689971372/3026-ubi-ave-1-waroeng-esmeralda/
queena-wedding-singapore,https://www.instagram.com/explore/locations/899076067/queena-wedding-singapore/
villains-hq,https://www.instagram.com/explore/locations/473466926/villains-hq/
auto-exchange-group,https://www.instagram.com/explore/locations/1018607186/auto-exchange-group/
odyssey-boards,https://www.instagram.com/explore/locations/227168304363570/odyssey-boards/
bloom-photography,https://www.instagram.com/explore/locations/273004413055581/bloom-photography/
lord-buddha-temple-four-face-buddha,https://www.instagram.com/explore/locations/5787741/lord-buddha-temple-four-face-buddha/
bikeactuallycom-opening-hours,https://www.instagram.com/explore/locations/1348531085174445/bikeactuallycom-opening-hours/
mosaic-studios,https://www.instagram.com/explore/locations/290159904373636/mosaic-studios/
brilliant-building-21-ubi-road-1,https://www.instagram.com/explore/locations/198597650203711/brilliant-building-21-ubi-road-1/
image-mission,https://www.instagram.com/explore/locations/1596300920624494/image-mission/
ubi-road-1,https://www.instagram.com/explore/locations/10783815/ubi-road-1/
humming-flowers-gifts,https://www.instagram.com/explore/locations/419190082/humming-flowers-gifts/
i-revive-sg,https://www.instagram.com/explore/locations/1021743245/i-revive-sg/
quest-laboratories-starhub-green,https://www.instagram.com/explore/locations/251942460/quest-laboratories-starhub-green/
geylang-npc,https://www.instagram.com/explore/locations/3231426/geylang-npc/
ilham-child-care-pte-ltd,https://www.instagram.com/explore/locations/321189608/ilham-child-care-pte-ltd/
project-l-studio,https://www.instagram.com/explore/locations/107751212103067/project-l-studio/
comms-equipments-pte-ltd,https://www.instagram.com/explore/locations/1032924496/comms-equipments-pte-ltd/
idid-pte-ltd,https://www.instagram.com/explore/locations/1063348733744439/idid-pte-ltd/
lentor-training-centre,https://www.instagram.com/explore/locations/1486648944991353/lentor-training-centre/
starhub-green,https://www.instagram.com/explore/locations/1997605897226047/starhub-green/
royal-enfield-singapore,https://www.instagram.com/explore/locations/102834317969985/royal-enfield-singapore/
ubi-33-food-house,https://www.instagram.com/explore/locations/916123/ubi-33-food-house/
nuevo-cafe,https://www.instagram.com/explore/locations/190282661869226/nuevo-cafe/
nitidworks,https://www.instagram.com/explore/locations/108400561906691/nitidworks/
ideally-yours,https://www.instagram.com/explore/locations/291206348/ideally-yours/
putrimas-bridal-beauty-gallery,https://www.instagram.com/explore/locations/298221357/putrimas-bridal-beauty-gallery/
blk-3007-ubi-road-1,https://www.instagram.com/explore/locations/221006668/blk-3007-ubi-road-1/
jeep-chee-garage,https://www.instagram.com/explore/locations/477989888/jeep-chee-garage/
girls-toilet,https://www.instagram.com/explore/locations/189634647738903/girls-toilet/
an-digital-lock,https://www.instagram.com/explore/locations/212494656322380/an-digital-lock/
phytoscience-the-trendmaker,https://www.instagram.com/explore/locations/1033919231/phytoscience-the-trendmaker/
practice-practice,https://www.instagram.com/explore/locations/2382923361726806/practice-practice/
shang,https://www.instagram.com/explore/locations/102411861230966/shang/
wakili-singapore,https://www.instagram.com/explore/locations/632460440295332/wakili-singapore/
meter-square,https://www.instagram.com/explore/locations/181911545184950/meter-square/
kampong-ubi-industrial-estate,https://www.instagram.com/explore/locations/318573228/kampong-ubi-industrial-estate/
73-ubi-road-1,https://www.instagram.com/explore/locations/601601590/73-ubi-road-1/
happy-birthay,https://www.instagram.com/explore/locations/568758226/happy-birthay/
freda-d-parfum,https://www.instagram.com/explore/locations/521021168018403/freda-d-parfum/
ace-drive,https://www.instagram.com/explore/locations/1027859254/ace-drive/
cheng-hong-siang-tng,https://www.instagram.com/explore/locations/86254722/cheng-hong-siang-tng/
trivialities,https://www.instagram.com/explore/locations/140173682989157/trivialities/
hupfarri-otto,https://www.instagram.com/explore/locations/824734234/hupfarri-otto/
oxley-bizhub,https://www.instagram.com/explore/locations/104928250930194/oxley-bizhub/
dpastry,https://www.instagram.com/explore/locations/665848126/dpastry/
food-hub-at-oxley-bizhub,https://www.instagram.com/explore/locations/992323709/food-hub-at-oxley-bizhub/
venture-cars,https://www.instagram.com/explore/locations/730252643743640/venture-cars/
33-ubi-ave-3-vertex-building,https://www.instagram.com/explore/locations/213039965/33-ubi-ave-3-vertex-building/
giant-bicycles-singapore,https://www.instagram.com/explore/locations/264417773/giant-bicycles-singapore/
fp-autosports,https://www.instagram.com/explore/locations/100297265701507/fp-autosports/
frontier,https://www.instagram.com/explore/locations/7639172/frontier/
drink2connect-singapore-by-rehna,https://www.instagram.com/explore/locations/1667323080213405/drink2connect-singapore-by-rehna/
chef-at-work-singapore-pte-ltd,https://www.instagram.com/explore/locations/188131718042304/chef-at-work-singapore-pte-ltd/
ubi-place-eating-house,https://www.instagram.com/explore/locations/1572939/ubi-place-eating-house/
intrigg,https://www.instagram.com/explore/locations/663591276/intrigg/
cfmoto-singapore,https://www.instagram.com/explore/locations/107478854638400/cfmoto-singapore/
blk-3020-ubi-ave-2,https://www.instagram.com/explore/locations/249547607/blk-3020-ubi-ave-2/
raffles-arts-academy-of-music-performance-ramp,https://www.instagram.com/explore/locations/104920374311702/raffles-arts-academy-of-music-performance-ramp/
rocky-master-starhub-green,https://www.instagram.com/explore/locations/223858405/rocky-master-starhub-green/
allsports-equipment,https://www.instagram.com/explore/locations/513036244/allsports-equipment/
citipoint,https://www.instagram.com/explore/locations/507854408/citipoint/
cars-stars,https://www.instagram.com/explore/locations/1023612452/cars-stars/
kt-accessory-trading-pte-ltd,https://www.instagram.com/explore/locations/48315527/kt-accessory-trading-pte-ltd/
jokasports,https://www.instagram.com/explore/locations/281196647/jokasports/
ishq-the-bridal,https://www.instagram.com/explore/locations/220492900/ishq-the-bridal/
team-axis-pte-ltd,https://www.instagram.com/explore/locations/376984788296/team-axis-pte-ltd/
diaper-cake-avenue,https://www.instagram.com/explore/locations/115131593498162/diaper-cake-avenue/
vasari-singapore,https://www.instagram.com/explore/locations/104410031727273/vasari-singapore/
suprise-box,https://www.instagram.com/explore/locations/437996460319487/suprise-box/
nuffield-academy,https://www.instagram.com/explore/locations/319229485395911/nuffield-academy/
atas-coffee,https://www.instagram.com/explore/locations/971304685/atas-coffee/
summit-building,https://www.instagram.com/explore/locations/241628216512384/summit-building/
divino-divani,https://www.instagram.com/explore/locations/1381474805297691/divino-divani/
perk-coffee,https://www.instagram.com/explore/locations/1218983034784272/perk-coffee/
food-loft,https://www.instagram.com/explore/locations/435957297162943/food-loft/
knotty-bicsie,https://www.instagram.com/explore/locations/544112156/knotty-bicsie/
speedo-motoring-pte-ltd,https://www.instagram.com/explore/locations/14364868/speedo-motoring-pte-ltd/
new-life-christian-centre-singapore-nlcc,https://www.instagram.com/explore/locations/1023818689/new-life-christian-centre-singapore-nlcc/
ubi-road-1,https://www.instagram.com/explore/locations/1601369460169943/ubi-road-1/
starhub-green,https://www.instagram.com/explore/locations/443918986342224/starhub-green/
178-paya-lebar,https://www.instagram.com/explore/locations/112390016946491/178-paya-lebar/
ubone-81-ubi-avenue-4-singapore-408830,https://www.instagram.com/explore/locations/544958845837717/ubone-81-ubi-avenue-4-singapore-408830/
specialized-concept-store-vertex,https://www.instagram.com/explore/locations/309269550/specialized-concept-store-vertex/
52-ubi-ave-3-the-frontier,https://www.instagram.com/explore/locations/245416688/52-ubi-ave-3-the-frontier/
lay-eng-lor-mee-laksa-prawn-noodle,https://www.instagram.com/explore/locations/502908833813692/lay-eng-lor-mee-laksa-prawn-noodle/
67-ubi-avenue-starhub-green,https://www.instagram.com/explore/locations/360059726/67-ubi-avenue-starhub-green/
sixmoredays,https://www.instagram.com/explore/locations/1013667819/sixmoredays/
noel-gifts,https://www.instagram.com/explore/locations/539427323167706/noel-gifts/
amanda-cheongmake-up-artist,https://www.instagram.com/explore/locations/1015433167/amanda-cheongmake-up-artist/
pinkk,https://www.instagram.com/explore/locations/297789965458/pinkk/
pavilon-bc,https://www.instagram.com/explore/locations/123067625762044/pavilon-bc/
arova,https://www.instagram.com/explore/locations/442963902392797/arova/
bagus-ria-thai-halal-seafood,https://www.instagram.com/explore/locations/103894544772067/bagus-ria-thai-halal-seafood/
crocodile-house,https://www.instagram.com/explore/locations/546604466/crocodile-house/
audio-technica-sea-service-centre-focus-one,https://www.instagram.com/explore/locations/269598712/audio-technica-sea-service-centre-focus-one/
rainbow-care,https://www.instagram.com/explore/locations/488218473/rainbow-care/
az-bldg,https://www.instagram.com/explore/locations/863675817/az-bldg/
casa-interior-design-pte-ltd,https://www.instagram.com/explore/locations/1083711741711189/casa-interior-design-pte-ltd/
musical-mindset-academy,https://www.instagram.com/explore/locations/109428085417990/musical-mindset-academy/
mce,https://www.instagram.com/explore/locations/245942522/mce/
socomec-asia-pacific-pte-ltd,https://www.instagram.com/explore/locations/131754337466326/socomec-asia-pacific-pte-ltd/
wallhub-pte-ltd-wallpaper,https://www.instagram.com/explore/locations/1031664433/wallhub-pte-ltd-wallpaper/
autobacs,https://www.instagram.com/explore/locations/450959/autobacs/
ubi-ave-3,https://www.instagram.com/explore/locations/3213316/ubi-ave-3/
sin-ti-mi-amor,https://www.instagram.com/explore/locations/119830842024472/sin-ti-mi-amor/
saltt-moving,https://www.instagram.com/explore/locations/116435459906080/saltt-moving/
man-fatt-lam-temple,https://www.instagram.com/explore/locations/208173242608678/man-fatt-lam-temple/
ejun-low-portraits,https://www.instagram.com/explore/locations/121149017937845/ejun-low-portraits/
mrl-holdings-pte-ltd,https://www.instagram.com/explore/locations/320106288170887/mrl-holdings-pte-ltd/
momo-studio-sg,https://www.instagram.com/explore/locations/270965723482503/momo-studio-sg/
analog-film-lab,https://www.instagram.com/explore/locations/1261690693871870/analog-film-lab/
venvici-hq,https://www.instagram.com/explore/locations/1022751488/venvici-hq/
print-for-fun,https://www.instagram.com/explore/locations/693220270763892/print-for-fun/
blk-3021-ubi-avenue-2,https://www.instagram.com/explore/locations/300789814082932/blk-3021-ubi-avenue-2/
huay-kwang-wanton-mee,https://www.instagram.com/explore/locations/104668278220602/huay-kwang-wanton-mee/
miss-tam-chiak,https://www.instagram.com/explore/locations/319815541443240/miss-tam-chiak/
kay-lee-at-aztech-building,https://www.instagram.com/explore/locations/775928695/kay-lee-at-aztech-building/
nagamas-printing-singapore,https://www.instagram.com/explore/locations/1020190388116906/nagamas-printing-singapore/
clarkquay,https://www.instagram.com/explore/locations/247327334/clarkquay/
yans-cakes,https://www.instagram.com/explore/locations/281268044/yans-cakes/
motor-sport-pte-ltd,https://www.instagram.com/explore/locations/111458340656909/motor-sport-pte-ltd/
blk-3015a-ubi-rd-1,https://www.instagram.com/explore/locations/246148400/blk-3015a-ubi-rd-1/
lights-out-nights-out,https://www.instagram.com/explore/locations/254610801642889/lights-out-nights-out/
kult-bespoke-leather-boutique,https://www.instagram.com/explore/locations/724346284243647/kult-bespoke-leather-boutique/
neonmello,https://www.instagram.com/explore/locations/870950653/neonmello/
white-noise-music,https://www.instagram.com/explore/locations/109756969046015/white-noise-music/
home-of-hell,https://www.instagram.com/explore/locations/112360928844528/home-of-hell/
audax-visuals-pte-ltd,https://www.instagram.com/explore/locations/1691641531160421/audax-visuals-pte-ltd/
mosa-photography,https://www.instagram.com/explore/locations/525917667610740/mosa-photography/
mr-shopper-studio,https://www.instagram.com/explore/locations/601633016585449/mr-shopper-studio/
cpf-novena-towerb,https://www.instagram.com/explore/locations/1041074612645336/cpf-novena-towerb/
success-legacy,https://www.instagram.com/explore/locations/497541530365732/success-legacy/
space-division-private-limited,https://www.instagram.com/explore/locations/1027314262/space-division-private-limited/
copper-design,https://www.instagram.com/explore/locations/1017275992/copper-design/
grand-sport-singapore,https://www.instagram.com/explore/locations/1628581924045151/grand-sport-singapore/
threeheart-pte-ltd,https://www.instagram.com/explore/locations/1025761547/threeheart-pte-ltd/
curtain-suite,https://www.instagram.com/explore/locations/1020564312/curtain-suite/
happy-prayer-place,https://www.instagram.com/explore/locations/401401120/happy-prayer-place/
luxcy-co,https://www.instagram.com/explore/locations/103494439055635/luxcy-co/
kydra-athletics,https://www.instagram.com/explore/locations/1162394300448269/kydra-athletics/
dyson-service-centre,https://www.instagram.com/explore/locations/286090808595225/dyson-service-centre/
rave-harps,https://www.instagram.com/explore/locations/1021839108/rave-harps/
boxx-euro,https://www.instagram.com/explore/locations/289933448506414/boxx-euro/
aestheticar,https://www.instagram.com/explore/locations/916852123/aestheticar/
ubi-ave,https://www.instagram.com/explore/locations/299067010/ubi-ave/
carbon-interactive,https://www.instagram.com/explore/locations/95704248/carbon-interactive/
bedchamber-boutique,https://www.instagram.com/explore/locations/1724273367823203/bedchamber-boutique/
edward-boustead-centre,https://www.instagram.com/explore/locations/584013778/edward-boustead-centre/
bw-automobiles-pte-ltd,https://www.instagram.com/explore/locations/1029014565/bw-automobiles-pte-ltd/
knight-franks-estate-management-pl,https://www.instagram.com/explore/locations/444013699/knight-franks-estate-management-pl/
tay-junction-ubi-vertex,https://www.instagram.com/explore/locations/278447596163980/tay-junction-ubi-vertex/
otw-nk-balik,https://www.instagram.com/explore/locations/245231489527516/otw-nk-balik/
orion-building,https://www.instagram.com/explore/locations/286822385/orion-building/
edward-boustead-centre,https://www.instagram.com/explore/locations/143918839720190/edward-boustead-centre/
reflections-cosmetology-pte-ltd,https://www.instagram.com/explore/locations/651565578246061/reflections-cosmetology-pte-ltd/
beaux-monde,https://www.instagram.com/explore/locations/479887303/beaux-monde/
ubi-avenue-2,https://www.instagram.com/explore/locations/183608575666021/ubi-avenue-2/
bedok-camp,https://www.instagram.com/explore/locations/491912375/bedok-camp/
couple-abode-pte-ltd,https://www.instagram.com/explore/locations/181136835941928/couple-abode-pte-ltd/
online-singapore,https://www.instagram.com/explore/locations/311749792868369/online-singapore/
first-street-teochew-fish-soup-u-10-eating-house,https://www.instagram.com/explore/locations/128786770555958/first-street-teochew-fish-soup-u-10-eating-house/
whooshpro,https://www.instagram.com/explore/locations/714052600/whooshpro/
eazea,https://www.instagram.com/explore/locations/108857253845396/eazea/
dnr-wheels,https://www.instagram.com/explore/locations/492907048149518/dnr-wheels/
addicted-to-black,https://www.instagram.com/explore/locations/106153591910814/addicted-to-black/
wildfire-studio,https://www.instagram.com/explore/locations/310074217/wildfire-studio/
ifoundries,https://www.instagram.com/explore/locations/339206952/ifoundries/
oxley-bizhub,https://www.instagram.com/explore/locations/282084500/oxley-bizhub/
iroad-singapore,https://www.instagram.com/explore/locations/167192127354578/iroad-singapore/
aks-tech-pte-ltd,https://www.instagram.com/explore/locations/990527087746736/aks-tech-pte-ltd/
build-it-full,https://www.instagram.com/explore/locations/1014075327/build-it-full/
932-design-group,https://www.instagram.com/explore/locations/505752509456676/932-design-group/
a-special-place-in-ur-heart,https://www.instagram.com/explore/locations/807430911/a-special-place-in-ur-heart/
jack-cars-service-centre,https://www.instagram.com/explore/locations/1350798341645581/jack-cars-service-centre/
freelorcom,https://www.instagram.com/explore/locations/1311856658860626/freelorcom/
particular-place,https://www.instagram.com/explore/locations/103536567943090/particular-place/
citipointpaya-lebar,https://www.instagram.com/explore/locations/2184801/citipointpaya-lebar/
challenger-techub-1-ubi-link,https://www.instagram.com/explore/locations/274810501/challenger-techub-1-ubi-link/
yamaha-agent-hong-leong-enterprise,https://www.instagram.com/explore/locations/372507455/yamaha-agent-hong-leong-enterprise/
onethreeonefour,https://www.instagram.com/explore/locations/1584728695110228/onethreeonefour/
convergent-systems-s-pte-ltd,https://www.instagram.com/explore/locations/203871176303466/convergent-systems-s-pte-ltd/
georges-at-tai-seng,https://www.instagram.com/explore/locations/101750572329454/georges-at-tai-seng/
world-champ-singapore,https://www.instagram.com/explore/locations/101696869306314/world-champ-singapore/
az-paya-lebar,https://www.instagram.com/explore/locations/138643183451143/az-paya-lebar/
azora-at-62-oxley-hub-2-01-3031-ubi-road-1-singapore-408734,https://www.instagram.com/explore/locations/1024513509/azora-at-62-oxley-hub-2-01-3031-ubi-road-1-singapore-408734/
midlifecrisis-productions,https://www.instagram.com/explore/locations/328829253/midlifecrisis-productions/
hq-italia-restaurant-bar,https://www.instagram.com/explore/locations/109194111361794/hq-italia-restaurant-bar/
jazz-association-sg,https://www.instagram.com/explore/locations/367864600270258/jazz-association-sg/
a-z-building,https://www.instagram.com/explore/locations/1360248/a-z-building/
sentang-entertainment,https://www.instagram.com/explore/locations/1698084193769495/sentang-entertainment/
paint-extreme,https://www.instagram.com/explore/locations/436589147/paint-extreme/
67-ubi-road-1-oxley-bizhub,https://www.instagram.com/explore/locations/761082848/67-ubi-road-1-oxley-bizhub/
the-leggy-business,https://www.instagram.com/explore/locations/256392641650478/the-leggy-business/
powderpuffed-sg,https://www.instagram.com/explore/locations/104483179042509/powderpuffed-sg/
body-language-group,https://www.instagram.com/explore/locations/532211520128844/body-language-group/
ministryofdesign,https://www.instagram.com/explore/locations/543586732695848/ministryofdesign/
az,https://www.instagram.com/explore/locations/565334342/az/
e22,https://www.instagram.com/explore/locations/1833038867019841/e22/
vca-gundam-singapore,https://www.instagram.com/explore/locations/566010947073958/vca-gundam-singapore/
wallhub-wallpaper-specialist,https://www.instagram.com/explore/locations/104077208979157/wallhub-wallpaper-specialist/
poly-clinic-tampines,https://www.instagram.com/explore/locations/1012181622/poly-clinic-tampines/
lenbrook-asia,https://www.instagram.com/explore/locations/631614462/lenbrook-asia/
oxley-bizhub2,https://www.instagram.com/explore/locations/815133485200687/oxley-bizhub2/
yi-guang-building,https://www.instagram.com/explore/locations/1931074/yi-guang-building/
sungai-petani-kedah,https://www.instagram.com/explore/locations/1014636404/sungai-petani-kedah/
forever-pixels-arts,https://www.instagram.com/explore/locations/1018772112/forever-pixels-arts/
herohomessg,https://www.instagram.com/explore/locations/149748391870478/herohomessg/
pulau-impian,https://www.instagram.com/explore/locations/932551783/pulau-impian/
c-l-cafe,https://www.instagram.com/explore/locations/8998743/c-l-cafe/
vertex-tower-b,https://www.instagram.com/explore/locations/5012619/vertex-tower-b/
zenterra-lighting,https://www.instagram.com/explore/locations/1031768850/zenterra-lighting/
jobsite,https://www.instagram.com/explore/locations/359929426/jobsite/
32bit-recording-studio,https://www.instagram.com/explore/locations/868275781/32bit-recording-studio/
teo-heng-ktv-katong-shopping-centre,https://www.instagram.com/explore/locations/126895290776432/teo-heng-ktv-katong-shopping-centre/
ubi-ave-3-vertex-tower,https://www.instagram.com/explore/locations/256097313/ubi-ave-3-vertex-tower/
blk-3021-ubi-avenue-2,https://www.instagram.com/explore/locations/13581369/blk-3021-ubi-avenue-2/
melilea-singapore-official,https://www.instagram.com/explore/locations/1012915595/melilea-singapore-official/
xiang-ji-roasted-meat-food-trading,https://www.instagram.com/explore/locations/290070631394153/xiang-ji-roasted-meat-food-trading/
a-d-designers-group-pte-ltd,https://www.instagram.com/explore/locations/609911272/a-d-designers-group-pte-ltd/
wintech-centre,https://www.instagram.com/explore/locations/858308/wintech-centre/
aljunied-chap-lao,https://www.instagram.com/explore/locations/32013889/aljunied-chap-lao/
waterplants-lab-pte-ltd,https://www.instagram.com/explore/locations/759320374085335/waterplants-lab-pte-ltd/
guitaring-passionately,https://www.instagram.com/explore/locations/181025948696369/guitaring-passionately/
sgc-autographics-signs,https://www.instagram.com/explore/locations/1284627175011030/sgc-autographics-signs/
auto-dynamac,https://www.instagram.com/explore/locations/651284909/auto-dynamac/
grace-baptist-ministries-ace-building,https://www.instagram.com/explore/locations/258900642/grace-baptist-ministries-ace-building/
fifth-avenue-interior,https://www.instagram.com/explore/locations/1393308410994916/fifth-avenue-interior/
blossoms-bridal-occasions,https://www.instagram.com/explore/locations/1795462177379850/blossoms-bridal-occasions/
district-5,https://www.instagram.com/explore/locations/791090589/district-5/
cedron-interior-concept-pte-ltd,https://www.instagram.com/explore/locations/199320340226411/cedron-interior-concept-pte-ltd/
traction-pte-ltd,https://www.instagram.com/explore/locations/126935549/traction-pte-ltd/
swift-interior-pte-ltd,https://www.instagram.com/explore/locations/1893606427554399/swift-interior-pte-ltd/
n2cs-garage,https://www.instagram.com/explore/locations/273341417/n2cs-garage/
by-design,https://www.instagram.com/explore/locations/101576711248193/by-design/
e-walker,https://www.instagram.com/explore/locations/472383409/e-walker/
jin-cheng-motor-trading,https://www.instagram.com/explore/locations/325325939/jin-cheng-motor-trading/
new-image-singapore,https://www.instagram.com/explore/locations/205581856304699/new-image-singapore/
paya-lebar-mrt-stn,https://www.instagram.com/explore/locations/293659746/paya-lebar-mrt-stn/
with-every,https://www.instagram.com/explore/locations/646196900/with-every/
the-body-clinic,https://www.instagram.com/explore/locations/17316722/the-body-clinic/
biscakesg,https://www.instagram.com/explore/locations/318084171912214/biscakesg/
mvr-studio,https://www.instagram.com/explore/locations/198600664008490/mvr-studio/
spacebar,https://www.instagram.com/explore/locations/149257462468709/spacebar/
1st-stop-food-junction,https://www.instagram.com/explore/locations/1773234882720180/1st-stop-food-junction/
bathlabz-singapore,https://www.instagram.com/explore/locations/756855631081055/bathlabz-singapore/
jbn-autokit,https://www.instagram.com/explore/locations/100164265195363/jbn-autokit/
oceanus-media-global,https://www.instagram.com/explore/locations/106591055376246/oceanus-media-global/
hapee-store,https://www.instagram.com/explore/locations/1454560544600985/hapee-store/
geylang-npc-div,https://www.instagram.com/explore/locations/134062253401023/geylang-npc-div/
wildfire-entertainment,https://www.instagram.com/explore/locations/260521442/wildfire-entertainment/
bourbon-offshore-asia-pte-ltd,https://www.instagram.com/explore/locations/73249486/bourbon-offshore-asia-pte-ltd/
core-crew-fx,https://www.instagram.com/explore/locations/590134501145666/core-crew-fx/
de-xing-motor,https://www.instagram.com/explore/locations/989895978/de-xing-motor/
orient-design-singapore-packaging-branding,https://www.instagram.com/explore/locations/414193344/orient-design-singapore-packaging-branding/
benithem,https://www.instagram.com/explore/locations/1020035063/benithem/
hall-interiors-pte-ltd,https://www.instagram.com/explore/locations/911708137/hall-interiors-pte-ltd/
absolute-tint,https://www.instagram.com/explore/locations/477707015729497/absolute-tint/
s-t-e-a-m-s-a-u-n-a-sg,https://www.instagram.com/explore/locations/1546311955411104/s-t-e-a-m-s-a-u-n-a-sg/
aggree-agrivo-mycosciences,https://www.instagram.com/explore/locations/1794216830807932/aggree-agrivo-mycosciences/
muzart,https://www.instagram.com/explore/locations/183270255841310/muzart/
kyoto-japanese-cuisine-singapore,https://www.instagram.com/explore/locations/776063699/kyoto-japanese-cuisine-singapore/
studio-odyssey,https://www.instagram.com/explore/locations/106052208407727/studio-odyssey/
oxley-bizhub,https://www.instagram.com/explore/locations/645447240/oxley-bizhub/
mumbai-image-singapore,https://www.instagram.com/explore/locations/1021117691/mumbai-image-singapore/
21-ubi-road-1,https://www.instagram.com/explore/locations/283804183/21-ubi-road-1/
wong-poh-cafe,https://www.instagram.com/explore/locations/254541924/wong-poh-cafe/
the-curtain-boutique,https://www.instagram.com/explore/locations/340975626801401/the-curtain-boutique/
the-mattress-boutique-paya-lebar,https://www.instagram.com/explore/locations/1371470562980337/the-mattress-boutique-paya-lebar/
caramel-co,https://www.instagram.com/explore/locations/648463150/caramel-co/
myanmar-net,https://www.instagram.com/explore/locations/1666504286969197/myanmar-net/
earnest-collective,https://www.instagram.com/explore/locations/247116942348579/earnest-collective/
simply-outstanding-fruits,https://www.instagram.com/explore/locations/103556847806945/simply-outstanding-fruits/
mutekiz-sg,https://www.instagram.com/explore/locations/101342984721893/mutekiz-sg/
quirky-haus-pte-ltd,https://www.instagram.com/explore/locations/234710661/quirky-haus-pte-ltd/
ubi-road-1,https://www.instagram.com/explore/locations/859563118/ubi-road-1/
mr-designer-studio-singapore,https://www.instagram.com/explore/locations/102533206194935/mr-designer-studio-singapore/
my-lighthouse,https://www.instagram.com/explore/locations/2023403774568641/my-lighthouse/
vision-display-pte-ltd,https://www.instagram.com/explore/locations/1698949600344804/vision-display-pte-ltd/
the-mind-design,https://www.instagram.com/explore/locations/961828444/the-mind-design/
kin-xin-engineering-pte-ltd,https://www.instagram.com/explore/locations/1658251511104243/kin-xin-engineering-pte-ltd/
meiban-group,https://www.instagram.com/explore/locations/819341720/meiban-group/
pancake-king,https://www.instagram.com/explore/locations/468964283627512/pancake-king/
le-plus-solutions-pte-ltd,https://www.instagram.com/explore/locations/105573744480754/le-plus-solutions-pte-ltd/
kim-hong-temple,https://www.instagram.com/explore/locations/9939905/kim-hong-temple/
livinci-interior-design-pte-ltd,https://www.instagram.com/explore/locations/409185156165243/livinci-interior-design-pte-ltd/
ubi-avenue-2,https://www.instagram.com/explore/locations/124974472/ubi-avenue-2/
ai-lighting,https://www.instagram.com/explore/locations/104909595242268/ai-lighting/
14-arumugam-road,https://www.instagram.com/explore/locations/303583734/14-arumugam-road/
happy-gardens-singapore,https://www.instagram.com/explore/locations/312985091/happy-gardens-singapore/
loosu-house,https://www.instagram.com/explore/locations/363690153679890/loosu-house/
blk-3026-ubi-ave-2,https://www.instagram.com/explore/locations/385356298/blk-3026-ubi-ave-2/
cheng-huang-temple,https://www.instagram.com/explore/locations/889927882/cheng-huang-temple/
bourbon-offshore-asia,https://www.instagram.com/explore/locations/1014962872/bourbon-offshore-asia/
rockstagvid,https://www.instagram.com/explore/locations/485867401434755/rockstagvid/
paya-lebar-rd,https://www.instagram.com/explore/locations/1596668/paya-lebar-rd/
akin,https://www.instagram.com/explore/locations/1450420735279777/akin/
52-ubi-ave-3,https://www.instagram.com/explore/locations/377757971/52-ubi-ave-3/
made-artisan,https://www.instagram.com/explore/locations/432666233781742/made-artisan/
fong-kim-exhaust-system-singapore,https://www.instagram.com/explore/locations/420212020/fong-kim-exhaust-system-singapore/
the-french-showcase,https://www.instagram.com/explore/locations/301147073275160/the-french-showcase/
glitter-glam,https://www.instagram.com/explore/locations/438980634/glitter-glam/
one-stop-furnishing,https://www.instagram.com/explore/locations/100172114699799/one-stop-furnishing/
18-circuit-road,https://www.instagram.com/explore/locations/106306867868821/18-circuit-road/
knight-frank-property-asset-management-kfpam,https://www.instagram.com/explore/locations/1753954834917642/knight-frank-property-asset-management-kfpam/
supreme-houzz-design-central,https://www.instagram.com/explore/locations/108684230541323/supreme-houzz-design-central/
pramie-automobil-pte-ltd,https://www.instagram.com/explore/locations/541705039626078/pramie-automobil-pte-ltd/
my-land-in-paravakkottai-mannargudi,https://www.instagram.com/explore/locations/240513422656378/my-land-in-paravakkottai-mannargudi/
black-studio,https://www.instagram.com/explore/locations/457113938/black-studio/
travelite-building,https://www.instagram.com/explore/locations/144951439792869/travelite-building/
show-production-pte-ltd,https://www.instagram.com/explore/locations/1904489406322537/show-production-pte-ltd/
veer-pictures,https://www.instagram.com/explore/locations/311190958/veer-pictures/
buddhist-fellowship-east-centre,https://www.instagram.com/explore/locations/211066236342660/buddhist-fellowship-east-centre/
kemauto-works-3d-laser-wheel-alignment-tyre-and-rim,https://www.instagram.com/explore/locations/115417343253541/kemauto-works-3d-laser-wheel-alignment-tyre-and-rim/
d-pastry,https://www.instagram.com/explore/locations/1887241/d-pastry/
asphoon-ubi-branch,https://www.instagram.com/explore/locations/748806277/asphoon-ubi-branch/
hock-seng-pau,https://www.instagram.com/explore/locations/102681614790330/hock-seng-pau/
ch-motor,https://www.instagram.com/explore/locations/154613302/ch-motor/
the-80s-studio-pte-ltd,https://www.instagram.com/explore/locations/264555464/the-80s-studio-pte-ltd/
finmark-laser,https://www.instagram.com/explore/locations/901942683195939/finmark-laser/
the-magic-bar,https://www.instagram.com/explore/locations/162734390267405/the-magic-bar/
decor-fan-singapore,https://www.instagram.com/explore/locations/1582026345441872/decor-fan-singapore/
sqeen-bridal-couture,https://www.instagram.com/explore/locations/263868925/sqeen-bridal-couture/
ohvola-hq,https://www.instagram.com/explore/locations/1027017813/ohvola-hq/
sw-strategies,https://www.instagram.com/explore/locations/107321027446770/sw-strategies/
docuhubdata-singapore,https://www.instagram.com/explore/locations/104490018499488/docuhubdata-singapore/
nuovocorso-big-slabs,https://www.instagram.com/explore/locations/110551304625200/nuovocorso-big-slabs/
thongsia-seiko,https://www.instagram.com/explore/locations/285486581473753/thongsia-seiko/
starhub-building,https://www.instagram.com/explore/locations/1021354986/starhub-building/
azpaya-lebar-at-design4space,https://www.instagram.com/explore/locations/1016915895/azpaya-lebar-at-design4space/
substancefilms,https://www.instagram.com/explore/locations/620499829/substancefilms/
sparkle-please,https://www.instagram.com/explore/locations/105568495454244/sparkle-please/
3014b-ubi-road-1,https://www.instagram.com/explore/locations/744794355/3014b-ubi-road-1/
oxley-biz-hub,https://www.instagram.com/explore/locations/335478228/oxley-biz-hub/
raffles-city-shopping-center,https://www.instagram.com/explore/locations/274072988/raffles-city-shopping-center/
atan-motoring-supply-pte-ltd,https://www.instagram.com/explore/locations/353560048483367/atan-motoring-supply-pte-ltd/
challenger-technology-limited,https://www.instagram.com/explore/locations/1034448141/challenger-technology-limited/
blk-3015a-ubi-rd-1-kampong-ubi-industrial-estate,https://www.instagram.com/explore/locations/2386966558014801/blk-3015a-ubi-rd-1-kampong-ubi-industrial-estate/
plus-65-design,https://www.instagram.com/explore/locations/103265055044053/plus-65-design/
italian-food-market,https://www.instagram.com/explore/locations/1085448871507405/italian-food-market/
jms-rogers,https://www.instagram.com/explore/locations/848485286/jms-rogers/
jumbo-gold-diamonds,https://www.instagram.com/explore/locations/1594554687493184/jumbo-gold-diamonds/
purehan-singapore,https://www.instagram.com/explore/locations/103893655738711/purehan-singapore/
wowtv,https://www.instagram.com/explore/locations/562154620/wowtv/
singapore-civil-defence-hq,https://www.instagram.com/explore/locations/234615458/singapore-civil-defence-hq/
love-chapter,https://www.instagram.com/explore/locations/351551008/love-chapter/
moderne,https://www.instagram.com/explore/locations/494241660927412/moderne/
the-story-behind,https://www.instagram.com/explore/locations/820872183/the-story-behind/
the-vertex-light-industrial,https://www.instagram.com/explore/locations/1027083018/the-vertex-light-industrial/
victor-badminton-singapore,https://www.instagram.com/explore/locations/833152449/victor-badminton-singapore/
kivile-enterprise-pte-ltd,https://www.instagram.com/explore/locations/18660247/kivile-enterprise-pte-ltd/
eunoia,https://www.instagram.com/explore/locations/741357062631267/eunoia/
oy-liong-furniture-construction,https://www.instagram.com/explore/locations/447337205601335/oy-liong-furniture-construction/
huay-kwang-wanton-mee,https://www.instagram.com/explore/locations/1983581185047497/huay-kwang-wanton-mee/
dapur-express,https://www.instagram.com/explore/locations/1020569121/dapur-express/
5-divine-geomancy-master-alan,https://www.instagram.com/explore/locations/107137869946053/5-divine-geomancy-master-alan/
oxford-university,https://www.instagram.com/explore/locations/999850567/oxford-university/
packeverything-singapore,https://www.instagram.com/explore/locations/179613844380/packeverything-singapore/
lightz-artelier,https://www.instagram.com/explore/locations/401593107056128/lightz-artelier/
nefertum-official-store,https://www.instagram.com/explore/locations/101588758615412/nefertum-official-store/
church-of-marketplaceantioch-building,https://www.instagram.com/explore/locations/313896869/church-of-marketplaceantioch-building/
align-swim,https://www.instagram.com/explore/locations/2240535946192848/align-swim/
inkedmechanic,https://www.instagram.com/explore/locations/101482691261890/inkedmechanic/
workplace-_-,https://www.instagram.com/explore/locations/1018990023/workplace-_-/
posh-living-interior-design-pte-ltd,https://www.instagram.com/explore/locations/1021539015/posh-living-interior-design-pte-ltd/
da-sheng-kong-chinese-temple,https://www.instagram.com/explore/locations/292842147977173/da-sheng-kong-chinese-temple/
blk-346-yishun-avenue-11,https://www.instagram.com/explore/locations/383039115080923/blk-346-yishun-avenue-11/
nostalgic-garage,https://www.instagram.com/explore/locations/1029498630/nostalgic-garage/
aural-aid,https://www.instagram.com/explore/locations/510391325/aural-aid/
3004-ubi-industrial-estate,https://www.instagram.com/explore/locations/226727624063851/3004-ubi-industrial-estate/
recording-studio-singapore,https://www.instagram.com/explore/locations/863773576/recording-studio-singapore/
bedchamber-boutique,https://www.instagram.com/explore/locations/790108454710602/bedchamber-boutique/
ming-yuan-religious-products-pte-ltd,https://www.instagram.com/explore/locations/281524335530927/ming-yuan-religious-products-pte-ltd/
the-studio-on-3rd-avenue-crocodile-house,https://www.instagram.com/explore/locations/345981592/the-studio-on-3rd-avenue-crocodile-house/
mhl-automobile-services,https://www.instagram.com/explore/locations/876362379374273/mhl-automobile-services/
getha-singapore,https://www.instagram.com/explore/locations/726625940754323/getha-singapore/
dont-wannawakeupcom,https://www.instagram.com/explore/locations/233155416788949/dont-wannawakeupcom/
agcdesign-by-avant-garde-creative,https://www.instagram.com/explore/locations/119519594729496/agcdesign-by-avant-garde-creative/
wedding-biryani,https://www.instagram.com/explore/locations/467722170239868/wedding-biryani/
shiokmarket,https://www.instagram.com/explore/locations/719264714849799/shiokmarket/
the-furniture-boutique,https://www.instagram.com/explore/locations/105988891787712/the-furniture-boutique/
mydreamvibe,https://www.instagram.com/explore/locations/698540053924772/mydreamvibe/
ette-bright,https://www.instagram.com/explore/locations/399154770294118/ette-bright/
mr-pnut-pancake-group,https://www.instagram.com/explore/locations/729366047458783/mr-pnut-pancake-group/
cannasia-cannondale,https://www.instagram.com/explore/locations/331812379/cannasia-cannondale/
merl,https://www.instagram.com/explore/locations/1559057824420985/merl/
edgeprop-singapore,https://www.instagram.com/explore/locations/960109617356286/edgeprop-singapore/
bikaroo,https://www.instagram.com/explore/locations/1118126601700902/bikaroo/
espressocups-pte-ltd,https://www.instagram.com/explore/locations/252715203/espressocups-pte-ltd/
daily-green,https://www.instagram.com/explore/locations/102357704764182/daily-green/
aa-trust-automotive-pte-ltd,https://www.instagram.com/explore/locations/489155087914819/aa-trust-automotive-pte-ltd/
the-elite-circle,https://www.instagram.com/explore/locations/104508721090201/the-elite-circle/
chokdee-group,https://www.instagram.com/explore/locations/669866016540009/chokdee-group/
kings-flooring,https://www.instagram.com/explore/locations/103441056748234/kings-flooring/
revelabelcom,https://www.instagram.com/explore/locations/413888231/revelabelcom/
playgroup,https://www.instagram.com/explore/locations/203854237190079/playgroup/
shadespace,https://www.instagram.com/explore/locations/325139577841843/shadespace/
elementz-motor,https://www.instagram.com/explore/locations/368405557287944/elementz-motor/
rikecool-automotive-film-pte-ltd,https://www.instagram.com/explore/locations/414087459126877/rikecool-automotive-film-pte-ltd/
ubi-link,https://www.instagram.com/explore/locations/1028037215/ubi-link/
kem-auto-leasing-car-rental,https://www.instagram.com/explore/locations/1018658455/kem-auto-leasing-car-rental/
group-x,https://www.instagram.com/explore/locations/296568324/group-x/
rev-ecodrive,https://www.instagram.com/explore/locations/108601141067500/rev-ecodrive/
smash-corner,https://www.instagram.com/explore/locations/1661051164183951/smash-corner/
81-ubi-avenue-4,https://www.instagram.com/explore/locations/503791386680680/81-ubi-avenue-4/
fraco,https://www.instagram.com/explore/locations/113467092015869/fraco/
oh-hock-guan,https://www.instagram.com/explore/locations/242771503078779/oh-hock-guan/
daddy-home,https://www.instagram.com/explore/locations/119320358149262/daddy-home/
pasir-ris-devine-mercy-church-church-of-devine-mercy-pasir-ris,https://www.instagram.com/explore/locations/347000458/pasir-ris-devine-mercy-church-church-of-devine-mercy-pasir-ris/
world-publications-bldg,https://www.instagram.com/explore/locations/428839310/world-publications-bldg/
katerior-design,https://www.instagram.com/explore/locations/104139639409608/katerior-design/
otis-elevator,https://www.instagram.com/explore/locations/306433290270114/otis-elevator/
26gravelcross,https://www.instagram.com/explore/locations/106679498224006/26gravelcross/
parkplace-residences,https://www.instagram.com/explore/locations/1199534683448860/parkplace-residences/
starhub-green,https://www.instagram.com/explore/locations/122522095080109/starhub-green/
mber-lighting,https://www.instagram.com/explore/locations/374861226207180/mber-lighting/
oxley-bizhub,https://www.instagram.com/explore/locations/1023827710/oxley-bizhub/
playbox-studios,https://www.instagram.com/explore/locations/114186564618245/playbox-studios/
sales-excellence-institute,https://www.instagram.com/explore/locations/155617538232731/sales-excellence-institute/
undergroundundertheearth,https://www.instagram.com/explore/locations/545380632215694/undergroundundertheearth/
vertex,https://www.instagram.com/explore/locations/910404762646654/vertex/
dtapas-restaurante-bar-lounge-dili,https://www.instagram.com/explore/locations/653277968178416/dtapas-restaurante-bar-lounge-dili/
neptune-workwear,https://www.instagram.com/explore/locations/973923461/neptune-workwear/
160-paya-lebar-road,https://www.instagram.com/explore/locations/593867230/160-paya-lebar-road/
world-publication-building,https://www.instagram.com/explore/locations/444042786/world-publication-building/
kims-seafood,https://www.instagram.com/explore/locations/484386/kims-seafood/
audio-solution-pte-ltd,https://www.instagram.com/explore/locations/1017369968/audio-solution-pte-ltd/
autobacs-ubi-view,https://www.instagram.com/explore/locations/1023344602/autobacs-ubi-view/
helping-joy-ltd-charity-organization,https://www.instagram.com/explore/locations/225899090915143/helping-joy-ltd-charity-organization/
essentia-medica,https://www.instagram.com/explore/locations/637866982907023/essentia-medica/
palladium-boots-singapore,https://www.instagram.com/explore/locations/336181924/palladium-boots-singapore/
3020a-ubi-road-1,https://www.instagram.com/explore/locations/144828362373170/3020a-ubi-road-1/
ubi-link,https://www.instagram.com/explore/locations/2387495398174527/ubi-link/
ubi-road,https://www.instagram.com/explore/locations/279632761/ubi-road/
collective-designs-sg,https://www.instagram.com/explore/locations/402991783132373/collective-designs-sg/
amuse-projects,https://www.instagram.com/explore/locations/109601277189603/amuse-projects/
beyond-asia-media,https://www.instagram.com/explore/locations/250701298683404/beyond-asia-media/
disco-hi-tec,https://www.instagram.com/explore/locations/435601457/disco-hi-tec/
dsol-pte-ltd,https://www.instagram.com/explore/locations/245610659115577/dsol-pte-ltd/
level-up-studio,https://www.instagram.com/explore/locations/104530491851773/level-up-studio/
tint-incorporation-pte-ltd,https://www.instagram.com/explore/locations/1023968559/tint-incorporation-pte-ltd/
royal-alloy-singapore,https://www.instagram.com/explore/locations/100138161883905/royal-alloy-singapore/
bus-76,https://www.instagram.com/explore/locations/259802570/bus-76/
az-paya-lebar-sales-office,https://www.instagram.com/explore/locations/298018772/az-paya-lebar-sales-office/
defour-home-studios-pte-ltd,https://www.instagram.com/explore/locations/105614351836256/defour-home-studios-pte-ltd/
israel-international-wine-chateau,https://www.instagram.com/explore/locations/232369447169416/israel-international-wine-chateau/
chethas,https://www.instagram.com/explore/locations/843795205710745/chethas/
whampoa-terminal-cafeteria,https://www.instagram.com/explore/locations/1572702/whampoa-terminal-cafeteria/
focuswater,https://www.instagram.com/explore/locations/1035114336/focuswater/
vertex-tower-a,https://www.instagram.com/explore/locations/999531362/vertex-tower-a/
cooling-aircon-air-conditioning-engineering-pte-ltd,https://www.instagram.com/explore/locations/108441244104366/cooling-aircon-air-conditioning-engineering-pte-ltd/
run-free,https://www.instagram.com/explore/locations/1482100661805566/run-free/
beautyjour,https://www.instagram.com/explore/locations/180075432863120/beautyjour/
seishinkan-kendo-studio-singapore,https://www.instagram.com/explore/locations/100127016137827/seishinkan-kendo-studio-singapore/
success-resources-singapore,https://www.instagram.com/explore/locations/406181033332036/success-resources-singapore/
kakki,https://www.instagram.com/explore/locations/538568456293088/kakki/
antioch-macpherson,https://www.instagram.com/explore/locations/15605931/antioch-macpherson/
rouge-bridal-boutique,https://www.instagram.com/explore/locations/642863245743972/rouge-bridal-boutique/
skechers-ubi-road,https://www.instagram.com/explore/locations/331122904261020/skechers-ubi-road/
inizio-atelier,https://www.instagram.com/explore/locations/1098506803650858/inizio-atelier/
facilitators-network-singapore,https://www.instagram.com/explore/locations/101341714776860/facilitators-network-singapore/
lord-buddha-temple-four-face-buddha,https://www.instagram.com/explore/locations/635235549873093/lord-buddha-temple-four-face-buddha/
autelier-pro,https://www.instagram.com/explore/locations/2066382967021203/autelier-pro/
1st-stop-food-junction,https://www.instagram.com/explore/locations/182220775659054/1st-stop-food-junction/
foodhub,https://www.instagram.com/explore/locations/1442733825830174/foodhub/
neptune-singapore,https://www.instagram.com/explore/locations/146280080895290/neptune-singapore/
the-tuckshop-cafe,https://www.instagram.com/explore/locations/252657688/the-tuckshop-cafe/
focus-one-ubi-view,https://www.instagram.com/explore/locations/661735870/focus-one-ubi-view/
hypertension,https://www.instagram.com/explore/locations/111149963661817/hypertension/
childrens-costume-specialist,https://www.instagram.com/explore/locations/1018096641/childrens-costume-specialist/
fook-kee-ipoh-claypot-noodle,https://www.instagram.com/explore/locations/101186223013585/fook-kee-ipoh-claypot-noodle/
the-curtain-lab,https://www.instagram.com/explore/locations/108950298585011/the-curtain-lab/
affinite-concept-by-jack-cars,https://www.instagram.com/explore/locations/105414114613213/affinite-concept-by-jack-cars/
wolf-studio,https://www.instagram.com/explore/locations/1810094435969217/wolf-studio/
glass-fix-advanced-glass-solutions,https://www.instagram.com/explore/locations/625516254135350/glass-fix-advanced-glass-solutions/
smib-singapore,https://www.instagram.com/explore/locations/901474536865987/smib-singapore/
lovelypears-pte-ltd,https://www.instagram.com/explore/locations/1034974909/lovelypears-pte-ltd/
oxley-bizhub,https://www.instagram.com/explore/locations/103423588851737/oxley-bizhub/
mensch-home-solutions,https://www.instagram.com/explore/locations/108050827277338/mensch-home-solutions/
toast-box-at-tai-seng,https://www.instagram.com/explore/locations/665995556/toast-box-at-tai-seng/
bloomback,https://www.instagram.com/explore/locations/1309857929058069/bloomback/
legenze,https://www.instagram.com/explore/locations/947850091950507/legenze/
dshootz-studio-photography,https://www.instagram.com/explore/locations/120178995766/dshootz-studio-photography/
mu-interior,https://www.instagram.com/explore/locations/358917277/mu-interior/
emmaus-evangelical-free-church,https://www.instagram.com/explore/locations/1031886962/emmaus-evangelical-free-church/
the-copy-boy,https://www.instagram.com/explore/locations/1021472298/the-copy-boy/
jumbodiamonds,https://www.instagram.com/explore/locations/726528640773520/jumbodiamonds/
davines-singapore,https://www.instagram.com/explore/locations/1007516239/davines-singapore/
cluck-cluck-country-living-home-decor,https://www.instagram.com/explore/locations/305424420/cluck-cluck-country-living-home-decor/
bus-58,https://www.instagram.com/explore/locations/199946173366232/bus-58/
adam-park,https://www.instagram.com/explore/locations/342205549/adam-park/
majulah-community,https://www.instagram.com/explore/locations/961021686/majulah-community/
buddhism-and-myanmar-cultural-academy-bmca-singapore,https://www.instagram.com/explore/locations/471484319/buddhism-and-myanmar-cultural-academy-bmca-singapore/
milwaukee-tool-singapore,https://www.instagram.com/explore/locations/479973105469490/milwaukee-tool-singapore/
pioneer-tackle,https://www.instagram.com/explore/locations/492500247473252/pioneer-tackle/
65-ubi-road-1,https://www.instagram.com/explore/locations/453078271/65-ubi-road-1/
kukup-trip,https://www.instagram.com/explore/locations/320601158024154/kukup-trip/
3007-ubi-ave-1,https://www.instagram.com/explore/locations/104278140959369/3007-ubi-ave-1/
kaiyo,https://www.instagram.com/explore/locations/107000310992189/kaiyo/
leyard-planar-singapore-pte-ltd,https://www.instagram.com/explore/locations/110137367492710/leyard-planar-singapore-pte-ltd/
luova-project-services,https://www.instagram.com/explore/locations/1029123559/luova-project-services/
island-recovery-services-pte-ltd,https://www.instagram.com/explore/locations/1034180557/island-recovery-services-pte-ltd/
vertex,https://www.instagram.com/explore/locations/1384456311652577/vertex/
getha,https://www.instagram.com/explore/locations/918839681555825/getha/
ette-bright-international,https://www.instagram.com/explore/locations/283739669200125/ette-bright-international/
brex-intl-qua-and-nanoleaf,https://www.instagram.com/explore/locations/109953440381730/brex-intl-qua-and-nanoleaf/
upgrown-farming-co,https://www.instagram.com/explore/locations/1389541347984168/upgrown-farming-co/
ooohdarling,https://www.instagram.com/explore/locations/570364356821454/ooohdarling/
solar-pro-window-film-solar-film-window-tinting,https://www.instagram.com/explore/locations/102815765381950/solar-pro-window-film-solar-film-window-tinting/
closetful-of-books,https://www.instagram.com/explore/locations/1028304548/closetful-of-books/
skechers-summit-building,https://www.instagram.com/explore/locations/345087838862035/skechers-summit-building/
led-eco-lighting,https://www.instagram.com/explore/locations/108763205283799/led-eco-lighting/
axis-connect-801,https://www.instagram.com/explore/locations/1010044167/axis-connect-801/
bao-zi-dian,https://www.instagram.com/explore/locations/1155556501141431/bao-zi-dian/
optimus-auto-trading-pte-ltd,https://www.instagram.com/explore/locations/106829458168661/optimus-auto-trading-pte-ltd/
ubi-industrial-estate-3014,https://www.instagram.com/explore/locations/547751925685943/ubi-industrial-estate-3014/
okimochibox,https://www.instagram.com/explore/locations/1114910125254468/okimochibox/
33-ubi-avenue-3,https://www.instagram.com/explore/locations/648521248/33-ubi-avenue-3/
icpd-asia-pacific,https://www.instagram.com/explore/locations/105969135636647/icpd-asia-pacific/
ltc-building-d,https://www.instagram.com/explore/locations/213910932801901/ltc-building-d/
9835-0388-drink2connect-by-rehna,https://www.instagram.com/explore/locations/411887435597622/9835-0388-drink2connect-by-rehna/
savant-degrees,https://www.instagram.com/explore/locations/7558153/savant-degrees/
carpenters,https://www.instagram.com/explore/locations/249499892315068/carpenters/
distinctidentity,https://www.instagram.com/explore/locations/830572950393792/distinctidentity/
global-vineyards-singapore-pte-ltd,https://www.instagram.com/explore/locations/1034979563/global-vineyards-singapore-pte-ltd/
modern-and-contemporary-artspace,https://www.instagram.com/explore/locations/1031330022/modern-and-contemporary-artspace/
vertex,https://www.instagram.com/explore/locations/735476103514277/vertex/
colourscan-co-pte-ltd,https://www.instagram.com/explore/locations/306282748/colourscan-co-pte-ltd/
bouncy2fit-fitness,https://www.instagram.com/explore/locations/364997934098133/bouncy2fit-fitness/
the-forever-films,https://www.instagram.com/explore/locations/407570315987735/the-forever-films/
young-generation,https://www.instagram.com/explore/locations/208690925861435/young-generation/
hg-works,https://www.instagram.com/explore/locations/103982478941907/hg-works/
ltc-building-d,https://www.instagram.com/explore/locations/312385259144110/ltc-building-d/
ah-hsiong-handphone-shop,https://www.instagram.com/explore/locations/100825198039614/ah-hsiong-handphone-shop/
soh-guan-chuan-auto-supply,https://www.instagram.com/explore/locations/7953547/soh-guan-chuan-auto-supply/
locker-lock,https://www.instagram.com/explore/locations/1035629991/locker-lock/
178paya-lebar-head-office,https://www.instagram.com/explore/locations/298097155/178paya-lebar-head-office/
ideasxchange,https://www.instagram.com/explore/locations/305861692939275/ideasxchange/
impact-magazine,https://www.instagram.com/explore/locations/550442014994038/impact-magazine/
richburg-motors-singapore,https://www.instagram.com/explore/locations/318657277/richburg-motors-singapore/
preowned-cars-for-sale,https://www.instagram.com/explore/locations/1409306859113966/preowned-cars-for-sale/
starhub-green-north-wing-5th-floor-male-toilet-cubicle-7,https://www.instagram.com/explore/locations/307379902623397/starhub-green-north-wing-5th-floor-male-toilet-cubicle-7/
13-honey,https://www.instagram.com/explore/locations/1078287205601332/13-honey/
kramyeon,https://www.instagram.com/explore/locations/252433088166876/kramyeon/
areana-creation-interior-design,https://www.instagram.com/explore/locations/899129270154403/areana-creation-interior-design/
sodastream-singapore-mga-pamilyang-filipino-sa-singapore,https://www.instagram.com/explore/locations/1284693301698651/sodastream-singapore-mga-pamilyang-filipino-sa-singapore/
nextblock,https://www.instagram.com/explore/locations/103337028817981/nextblock/
hotel-michael-suite,https://www.instagram.com/explore/locations/104238361391584/hotel-michael-suite/
citipoint-paya-lebar,https://www.instagram.com/explore/locations/192509178334607/citipoint-paya-lebar/
block-3021-ubi-ave-2,https://www.instagram.com/explore/locations/446001415795692/block-3021-ubi-ave-2/
autogloss-spray-paint,https://www.instagram.com/explore/locations/414075845386594/autogloss-spray-paint/
crank-factory,https://www.instagram.com/explore/locations/1964817590427853/crank-factory/
fixiehaus,https://www.instagram.com/explore/locations/274643730/fixiehaus/
tamiya,https://www.instagram.com/explore/locations/7985926/tamiya/
interior-doctor-pte-ltd,https://www.instagram.com/explore/locations/759114932/interior-doctor-pte-ltd/
muveespace,https://www.instagram.com/explore/locations/1022540110/muveespace/
archluxe,https://www.instagram.com/explore/locations/114192756895924/archluxe/
?locale=en_US,https://help.instagram.com/581066165581870/?locale=en_US
saffron-communications,https://www.instagram.com/explore/locations/1033207502/saffron-communications/
wewe-media,https://www.instagram.com/explore/locations/779917022144265/wewe-media/
my-digital-lock-expo-vertex,https://www.instagram.com/explore/locations/932697890273801/my-digital-lock-expo-vertex/
lentor-training-centre,https://www.instagram.com/explore/locations/310064695/lentor-training-centre/
scdf-public-affairs-department,https://www.instagram.com/explore/locations/1022521180/scdf-public-affairs-department/
different,https://www.instagram.com/explore/locations/1013450236/different/
otb-studio,https://www.instagram.com/explore/locations/1054707711236287/otb-studio/
mad-media-singapore,https://www.instagram.com/explore/locations/214957299455375/mad-media-singapore/
exabytes-sg,https://www.instagram.com/explore/locations/449057380/exabytes-sg/
theatre-of-wonder,https://www.instagram.com/explore/locations/126159517250590/theatre-of-wonder/
yamaha-service-centre,https://www.instagram.com/explore/locations/44888081/yamaha-service-centre/
crocodile-showroom,https://www.instagram.com/explore/locations/1756995794428984/crocodile-showroom/
flaskml,https://www.instagram.com/explore/locations/273331954/flaskml/
nitemares,https://www.instagram.com/explore/locations/212474208768785/nitemares/
blooming-hearts,https://www.instagram.com/explore/locations/1548547215255320/blooming-hearts/
asentar,https://www.instagram.com/explore/locations/111680380399956/asentar/
bikeactuallysg,https://www.instagram.com/explore/locations/301869053747082/bikeactuallysg/
ap-media,https://www.instagram.com/explore/locations/238665172219/ap-media/
u-home-interior-design-pte-ltd,https://www.instagram.com/explore/locations/352581337/u-home-interior-design-pte-ltd/
happy-singapore,https://www.instagram.com/explore/locations/858764634300632/happy-singapore/
lenovo-exclusive-service-centre,https://www.instagram.com/explore/locations/1031560472/lenovo-exclusive-service-centre/
gift-hampers-singapore,https://www.instagram.com/explore/locations/1030326928/gift-hampers-singapore/
skechers,https://www.instagram.com/explore/locations/274378166459525/skechers/
drivinci-sg,https://www.instagram.com/explore/locations/100160531986591/drivinci-sg/
ea-detailer-ubi,https://www.instagram.com/explore/locations/1701039763532384/ea-detailer-ubi/
mazuki,https://www.instagram.com/explore/locations/125628172330705/mazuki/
iconichaus,https://www.instagram.com/explore/locations/941300029250764/iconichaus/
makermuse,https://www.instagram.com/explore/locations/986495954863986/makermuse/
45-ubi-road-1,https://www.instagram.com/explore/locations/330389825/45-ubi-road-1/
cheng-hong-siang-tng-temple,https://www.instagram.com/explore/locations/1201965/cheng-hong-siang-tng-temple/
drinks-fellas,https://www.instagram.com/explore/locations/286171881393667/drinks-fellas/
dexing-motor,https://www.instagram.com/explore/locations/2568966/dexing-motor/
darul-andalus-pte-ltd,https://www.instagram.com/explore/locations/135920046421599/darul-andalus-pte-ltd/
tay-junction,https://www.instagram.com/explore/locations/93021291/tay-junction/
freyafilms,https://www.instagram.com/explore/locations/116026175738270/freyafilms/
auto-best-motor-services,https://www.instagram.com/explore/locations/1551564101762475/auto-best-motor-services/
sunny-dental-medical-supply,https://www.instagram.com/explore/locations/942372982/sunny-dental-medical-supply/
smoothie-king-at-bedok-mall,https://www.instagram.com/explore/locations/215846069/smoothie-king-at-bedok-mall/
block-3026-ubi-ave-2-scissors-curry-rice,https://www.instagram.com/explore/locations/310039514/block-3026-ubi-ave-2-scissors-curry-rice/
spectrum-audio-visual-pte-ltd,https://www.instagram.com/explore/locations/572474159/spectrum-audio-visual-pte-ltd/
celestial-ubin-beach-resort,https://www.instagram.com/explore/locations/319890610/celestial-ubin-beach-resort/
malacca-holiday-inn,https://www.instagram.com/explore/locations/243793498/malacca-holiday-inn/
living-hope-evangelism,https://www.instagram.com/explore/locations/107848954323018/living-hope-evangelism/
weekender-singapore,https://www.instagram.com/explore/locations/461849883841447/weekender-singapore/
serial-system-building,https://www.instagram.com/explore/locations/273872597/serial-system-building/
dainese-singapore,https://www.instagram.com/explore/locations/102611784636873/dainese-singapore/
xd-studios,https://www.instagram.com/explore/locations/1008493028/xd-studios/
childs-atelier-pte-ltd,https://www.instagram.com/explore/locations/748692602/childs-atelier-pte-ltd/
opalite,https://www.instagram.com/explore/locations/1024174198/opalite/
pg-silkscreen-services,https://www.instagram.com/explore/locations/249855425065825/pg-silkscreen-services/
sato-asia-pacific,https://www.instagram.com/explore/locations/410397929333749/sato-asia-pacific/
super-penyet-singapore-at-starhub-green,https://www.instagram.com/explore/locations/883600325124085/super-penyet-singapore-at-starhub-green/
gift-flowers-singapore,https://www.instagram.com/explore/locations/1029699822/gift-flowers-singapore/
workman-co-cafe,https://www.instagram.com/explore/locations/1177466202395838/workman-co-cafe/
singapore-indoor-stadium,https://www.instagram.com/explore/locations/223335170/singapore-indoor-stadium/
islamicevents-singapore,https://www.instagram.com/explore/locations/1021600086/islamicevents-singapore/
zul-radi-bridal-couture,https://www.instagram.com/explore/locations/3669694/zul-radi-bridal-couture/
da-sheng-mushroom-minced-meat-noodles,https://www.instagram.com/explore/locations/1971310733164579/da-sheng-mushroom-minced-meat-noodles/
sam-musical-production-centre,https://www.instagram.com/explore/locations/101770745788588/sam-musical-production-centre/
preztigez-asia-pte-ltd,https://www.instagram.com/explore/locations/606932901/preztigez-asia-pte-ltd/
zookeeper,https://www.instagram.com/explore/locations/278314176118822/zookeeper/
mudiancrafted-singapore,https://www.instagram.com/explore/locations/301902774/mudiancrafted-singapore/
lynns-cafe,https://www.instagram.com/explore/locations/687839598023774/lynns-cafe/
macpherson-circle-line,https://www.instagram.com/explore/locations/238607457/macpherson-circle-line/
magez,https://www.instagram.com/explore/locations/764958033648578/magez/
nuts-nco-oxley-bizhub-2,https://www.instagram.com/explore/locations/935686862/nuts-nco-oxley-bizhub-2/
2-ubi-view,https://www.instagram.com/explore/locations/162304404527784/2-ubi-view/
ascentis-private-limited,https://www.instagram.com/explore/locations/600578193471841/ascentis-private-limited/
sms-247,https://www.instagram.com/explore/locations/832976026/sms-247/
epicentre-hq,https://www.instagram.com/explore/locations/435702806/epicentre-hq/
ah-joo-vespa-workshop,https://www.instagram.com/explore/locations/827526848/ah-joo-vespa-workshop/
arumugan-temple,https://www.instagram.com/explore/locations/1018384921/arumugan-temple/
kl,https://www.instagram.com/explore/locations/453955444625608/kl/
buona-vista-mrt,https://www.instagram.com/explore/locations/903623111/buona-vista-mrt/
rs-brakes-specialist,https://www.instagram.com/explore/locations/106815824832702/rs-brakes-specialist/
design-cliniq,https://www.instagram.com/explore/locations/106044537508704/design-cliniq/
bourbon-offshore-asia-pte-ltd,https://www.instagram.com/explore/locations/704250059946513/bourbon-offshore-asia-pte-ltd/
walk-and-roll-studios,https://www.instagram.com/explore/locations/448956415117398/walk-and-roll-studios/
garage-b,https://www.instagram.com/explore/locations/1028142970/garage-b/
de-interior-studio,https://www.instagram.com/explore/locations/104838288931972/de-interior-studio/
singhot,https://www.instagram.com/explore/locations/2096994120601388/singhot/
vincent-watch-at-tampines-mall,https://www.instagram.com/explore/locations/1030265683/vincent-watch-at-tampines-mall/
140-paya-lebarroad,https://www.instagram.com/explore/locations/1025533072/140-paya-lebarroad/
home-cinema-pit,https://www.instagram.com/explore/locations/1027864114/home-cinema-pit/
peoples-vehicle-service-pte-ltd,https://www.instagram.com/explore/locations/1675723466072309/peoples-vehicle-service-pte-ltd/
10-ubi-ave-3,https://www.instagram.com/explore/locations/1011770/10-ubi-ave-3/
cocomo,https://www.instagram.com/explore/locations/739076932841322/cocomo/
f1-in-schools-singapore,https://www.instagram.com/explore/locations/612951858798753/f1-in-schools-singapore/
iss-mart-products,https://www.instagram.com/explore/locations/1015539026/iss-mart-products/
lightingscomsg,https://www.instagram.com/explore/locations/281983044/lightingscomsg/
daylivingco,https://www.instagram.com/explore/locations/101051848183203/daylivingco/
varenta-cycles,https://www.instagram.com/explore/locations/359276751/varenta-cycles/
glass-fix-pte-ltd,https://www.instagram.com/explore/locations/37973641/glass-fix-pte-ltd/
1st-stop-food-junction,https://www.instagram.com/explore/locations/314903901/1st-stop-food-junction/
ah-chong-planet-motors,https://www.instagram.com/explore/locations/1001918085/ah-chong-planet-motors/
poco-productions-sg,https://www.instagram.com/explore/locations/518181601888141/poco-productions-sg/
shakimies-crib,https://www.instagram.com/explore/locations/267255372/shakimies-crib/
wawa-pictures,https://www.instagram.com/explore/locations/188650797893274/wawa-pictures/
sacred-grace-newlife-church,https://www.instagram.com/explore/locations/106214067454077/sacred-grace-newlife-church/
likewise-media,https://www.instagram.com/explore/locations/1422420347843245/likewise-media/
tipsy-topsy-official,https://www.instagram.com/explore/locations/100816638077570/tipsy-topsy-official/
the-nature-boy,https://www.instagram.com/explore/locations/122452329493870/the-nature-boy/
swift-tilers,https://www.instagram.com/explore/locations/2160476470903178/swift-tilers/
13th-design-studio,https://www.instagram.com/explore/locations/1804908736483956/13th-design-studio/
bc-concept-design,https://www.instagram.com/explore/locations/1835363553353186/bc-concept-design/
millennium-game-world-online,https://www.instagram.com/explore/locations/394162612/millennium-game-world-online/
lighting-sound-distribution,https://www.instagram.com/explore/locations/176780289015467/lighting-sound-distribution/
yigo,https://www.instagram.com/explore/locations/740998311/yigo/
instantlysg,https://www.instagram.com/explore/locations/1034293544/instantlysg/
food-republic-breadtalk-ihq,https://www.instagram.com/explore/locations/279041832/food-republic-breadtalk-ihq/
potions,https://www.instagram.com/explore/locations/113379557067963/potions/
elbatross-events,https://www.instagram.com/explore/locations/380037022114081/elbatross-events/
at-design-consultants-pte-ltd,https://www.instagram.com/explore/locations/520714238342299/at-design-consultants-pte-ltd/
progressive-car-care-pte-ltd,https://www.instagram.com/explore/locations/4904358/progressive-car-care-pte-ltd/
pretty-easy,https://www.instagram.com/explore/locations/168120850028181/pretty-easy/
chinese-art-treasures,https://www.instagram.com/explore/locations/588721724/chinese-art-treasures/
lbs,https://www.instagram.com/explore/locations/559668151155720/lbs/
in-my-swagger-room-3,https://www.instagram.com/explore/locations/286038811447588/in-my-swagger-room-3/
protrack-sound-light-video,https://www.instagram.com/explore/locations/591392139/protrack-sound-light-video/
thinkcode-singapore,https://www.instagram.com/explore/locations/801053933362939/thinkcode-singapore/
never-forget-your-roots,https://www.instagram.com/explore/locations/260089754474904/never-forget-your-roots/
atan-motoring-supply-pte-ltd,https://www.instagram.com/explore/locations/1018303559/atan-motoring-supply-pte-ltd/
casa-spazio,https://www.instagram.com/explore/locations/640022519449041/casa-spazio/
esibike-your-electric-bike-shop,https://www.instagram.com/explore/locations/1020326379/esibike-your-electric-bike-shop/
ubi-one,https://www.instagram.com/explore/locations/212901402/ubi-one/
jotterwood,https://www.instagram.com/explore/locations/876114455864915/jotterwood/
bruno-singapore,https://www.instagram.com/explore/locations/1802398883361525/bruno-singapore/
ouroneonly,https://www.instagram.com/explore/locations/1019319814/ouroneonly/
lionfish-studios,https://www.instagram.com/explore/locations/705279959/lionfish-studios/
aleyda-mobile-spa,https://www.instagram.com/explore/locations/283084493/aleyda-mobile-spa/
chongs-beauty,https://www.instagram.com/explore/locations/1031312703/chongs-beauty/
starhub-green-gym,https://www.instagram.com/explore/locations/251188234/starhub-green-gym/
little-medical-school-singapore,https://www.instagram.com/explore/locations/229105510989197/little-medical-school-singapore/
classic-ideas-design-build-pte-ltd,https://www.instagram.com/explore/locations/1722066334717742/classic-ideas-design-build-pte-ltd/
foodhub-oxley-bizhub,https://www.instagram.com/explore/locations/112902377219058/foodhub-oxley-bizhub/
lookz-at-ubi-pte-ltd,https://www.instagram.com/explore/locations/1014642005/lookz-at-ubi-pte-ltd/
kymco-sg-page,https://www.instagram.com/explore/locations/1026289263/kymco-sg-page/
my-kitchen-corner,https://www.instagram.com/explore/locations/1404357413147867/my-kitchen-corner/
fleur-boutique,https://www.instagram.com/explore/locations/1014858797/fleur-boutique/
fuchsia-lane,https://www.instagram.com/explore/locations/89975608006/fuchsia-lane/
id-gallery-interiors,https://www.instagram.com/explore/locations/810715932379504/id-gallery-interiors/
vatalli-office-solutions,https://www.instagram.com/explore/locations/463232297549098/vatalli-office-solutions/
certis-cisco-security-technology-pte-ltd,https://www.instagram.com/explore/locations/203289579686896/certis-cisco-security-technology-pte-ltd/
multico-building-products-pte-ltd,https://www.instagram.com/explore/locations/106225684739400/multico-building-products-pte-ltd/
greenleaf-singapore-green-leaf,https://www.instagram.com/explore/locations/104422837578670/greenleaf-singapore-green-leaf/
center-for-competency-based-learning-development-cbld,https://www.instagram.com/explore/locations/1020953356/center-for-competency-based-learning-development-cbld/
johnson-stickersn-plates-workshop,https://www.instagram.com/explore/locations/686383885/johnson-stickersn-plates-workshop/
4emperorchicken,https://www.instagram.com/explore/locations/176727378867855/4emperorchicken/
rightspot,https://www.instagram.com/explore/locations/426882464340788/rightspot/
new-generation-auto-sound-enterprise,https://www.instagram.com/explore/locations/1535433216719195/new-generation-auto-sound-enterprise/
commgate,https://www.instagram.com/explore/locations/1007189693/commgate/
rso,https://www.instagram.com/explore/locations/106424545423868/rso/
hioki-singapore,https://www.instagram.com/explore/locations/737615546402139/hioki-singapore/
k-t-accessory-trading-pte-ltd,https://www.instagram.com/explore/locations/591362561279386/k-t-accessory-trading-pte-ltd/
old-house,https://www.instagram.com/explore/locations/1733011360329090/old-house/
playbutton,https://www.instagram.com/explore/locations/1021070828045134/playbutton/
starhub-green-ubi-avenue-1,https://www.instagram.com/explore/locations/264519481/starhub-green-ubi-avenue-1/
sa-dental-supply-pte-ltd,https://www.instagram.com/explore/locations/1275455075928763/sa-dental-supply-pte-ltd/
69-ubi-road,https://www.instagram.com/explore/locations/316736650/69-ubi-road/
cse-global,https://www.instagram.com/explore/locations/260572745/cse-global/
noble-interior-design,https://www.instagram.com/explore/locations/402838770309840/noble-interior-design/
the-hubs-engineering-pte-ltd,https://www.instagram.com/explore/locations/318889428903219/the-hubs-engineering-pte-ltd/
naturenurtures-holistic-homeopathy,https://www.instagram.com/explore/locations/1578344265729975/naturenurtures-holistic-homeopathy/
beijing-urban-construction-road-bridge-co-ltd-singapore-branch,https://www.instagram.com/explore/locations/279261396016839/beijing-urban-construction-road-bridge-co-ltd-singapore-branch/
lovelypears-t-shirts-printing,https://www.instagram.com/explore/locations/148438677663/lovelypears-t-shirts-printing/
sunflower-tinkleland-childcare,https://www.instagram.com/explore/locations/675301190/sunflower-tinkleland-childcare/
hettich-singapore,https://www.instagram.com/explore/locations/103755658673124/hettich-singapore/
andalucia-pte-ltd,https://www.instagram.com/explore/locations/483542562/andalucia-pte-ltd/
show-equipment-pte-ltd,https://www.instagram.com/explore/locations/270989759992794/show-equipment-pte-ltd/
rouge-bridal-boutique,https://www.instagram.com/explore/locations/1025691775/rouge-bridal-boutique/
highest-kite-weddings,https://www.instagram.com/explore/locations/123927274468777/highest-kite-weddings/
hvs-automobiles,https://www.instagram.com/explore/locations/352864438565641/hvs-automobiles/
excelgames-interactive,https://www.instagram.com/explore/locations/304187303782667/excelgames-interactive/
73-oxley-bizhub,https://www.instagram.com/explore/locations/443215736/73-oxley-bizhub/
ranosys-technologies,https://www.instagram.com/explore/locations/1021596421/ranosys-technologies/
se7en-friday,https://www.instagram.com/explore/locations/1637619606503302/se7en-friday/
classic-ideas,https://www.instagram.com/explore/locations/57605187/classic-ideas/
61-ubi-rd-1-oxley-bizhub-01-17,https://www.instagram.com/explore/locations/216082468847521/61-ubi-rd-1-oxley-bizhub-01-17/
never-forget-your-roots,https://www.instagram.com/explore/locations/108630596447501/never-forget-your-roots/
reason-brothers-sg,https://www.instagram.com/explore/locations/363425880535084/reason-brothers-sg/
ndt-instruments-pte-ltd,https://www.instagram.com/explore/locations/1026241523/ndt-instruments-pte-ltd/
mickeys-bakery,https://www.instagram.com/explore/locations/238268890413787/mickeys-bakery/
quirky-plan-pte-ltd,https://www.instagram.com/explore/locations/1033564752/quirky-plan-pte-ltd/
gecko-music-group,https://www.instagram.com/explore/locations/166119413408524/gecko-music-group/
