cityname,url
imm-outlet-mall,https://www.instagram.com/explore/locations/306713937/imm-outlet-mall/
the-chevrons,https://www.instagram.com/explore/locations/923437397/the-chevrons/
boulder-chevrons,https://www.instagram.com/explore/locations/108569655069341/boulder-chevrons/
imm-shopping-mall,https://www.instagram.com/explore/locations/49500162/imm-shopping-mall/
haidilao-singapore,https://www.instagram.com/explore/locations/831990010236835/haidilao-singapore/
imm,https://www.instagram.com/explore/locations/790650052/imm/
wag-wild,https://www.instagram.com/explore/locations/110774583926963/wag-wild/
hai-di-lao-imm-open-till-4am,https://www.instagram.com/explore/locations/792706102/hai-di-lao-imm-open-till-4am/
andes-by-astons,https://www.instagram.com/explore/locations/467167760738163/andes-by-astons/
wcega-plaza,https://www.instagram.com/explore/locations/691039/wcega-plaza/
ng-teng-fong-hospital-ae,https://www.instagram.com/explore/locations/100336411550794/ng-teng-fong-hospital-ae/
yakiniku-shokudo,https://www.instagram.com/explore/locations/105690298704485/yakiniku-shokudo/
ng-teng-fong-tower-b,https://www.instagram.com/explore/locations/278821485808457/ng-teng-fong-tower-b/
international-business-park,https://www.instagram.com/explore/locations/2939498/international-business-park/
tobys-kopi-toast-bakery,https://www.instagram.com/explore/locations/757908/tobys-kopi-toast-bakery/
tradehub-21,https://www.instagram.com/explore/locations/905460/tradehub-21/
laifabar,https://www.instagram.com/explore/locations/110708320425434/laifabar/
hai-di-lao-at-imm,https://www.instagram.com/explore/locations/761299209/hai-di-lao-at-imm/
imm-capital-mall-jurong-east,https://www.instagram.com/explore/locations/255407102/imm-capital-mall-jurong-east/
lacoste,https://www.instagram.com/explore/locations/508613346306877/lacoste/
imm-building,https://www.instagram.com/explore/locations/2155312/imm-building/
southwest-tavern,https://www.instagram.com/explore/locations/39827851/southwest-tavern/
soon-bee-huat-trading-pte-ltd,https://www.instagram.com/explore/locations/4424111/soon-bee-huat-trading-pte-ltd/
dicky-ishak,https://www.instagram.com/explore/locations/1023231140/dicky-ishak/
seoul-garden-hotpot-imm,https://www.instagram.com/explore/locations/635144426852024/seoul-garden-hotpot-imm/
imm,https://www.instagram.com/explore/locations/846969922/imm/
long-beach-seafood-restaurant,https://www.instagram.com/explore/locations/405195876581224/long-beach-seafood-restaurant/
swensens-imm,https://www.instagram.com/explore/locations/214232453/swensens-imm/
universal-studios-singapore-uss,https://www.instagram.com/explore/locations/225297382/universal-studios-singapore-uss/
ng-teng-fong-tower-b,https://www.instagram.com/explore/locations/102627075094238/ng-teng-fong-tower-b/
famous-jb-101-firewokz-101-flagship,https://www.instagram.com/explore/locations/1070209179691527/famous-jb-101-firewokz-101-flagship/
qi-xiang-hotpot,https://www.instagram.com/explore/locations/109784584688652/qi-xiang-hotpot/
jurong-community-hospital,https://www.instagram.com/explore/locations/1021413992/jurong-community-hospital/
vinylworkssg,https://www.instagram.com/explore/locations/475882583230183/vinylworkssg/
obar-tradehub,https://www.instagram.com/explore/locations/452087859/obar-tradehub/
wan-chai-hong-kong-tea-room,https://www.instagram.com/explore/locations/246947482/wan-chai-hong-kong-tea-room/
trade-hub-21-boonlay-way,https://www.instagram.com/explore/locations/459209967484032/trade-hub-21-boonlay-way/
ajisen-ramen-imm,https://www.instagram.com/explore/locations/196897370934220/ajisen-ramen-imm/
imm,https://www.instagram.com/explore/locations/2052586265007001/imm/
wcega-tower,https://www.instagram.com/explore/locations/927650/wcega-tower/
saap-saap-thai,https://www.instagram.com/explore/locations/148257609200816/saap-saap-thai/
streats-hong-kong-cafe-imm,https://www.instagram.com/explore/locations/2189475/streats-hong-kong-cafe-imm/
haidilao-hotpot-imm,https://www.instagram.com/explore/locations/353505838319867/haidilao-hotpot-imm/
al-capones-jurong-gateway-road,https://www.instagram.com/explore/locations/108366281937274/al-capones-jurong-gateway-road/
streats-imm,https://www.instagram.com/explore/locations/236066844/streats-imm/
toh-guan-centre,https://www.instagram.com/explore/locations/2882380/toh-guan-centre/
mcdonalds-trade-hub-21,https://www.instagram.com/explore/locations/222745900/mcdonalds-trade-hub-21/
imm,https://www.instagram.com/explore/locations/791188716/imm/
imms-jurong-east,https://www.instagram.com/explore/locations/224703717553710/imms-jurong-east/
swensens-at-imm,https://www.instagram.com/explore/locations/115051416804302/swensens-at-imm/
sushi-express-imm,https://www.instagram.com/explore/locations/108369643937355/sushi-express-imm/
international-business-park,https://www.instagram.com/explore/locations/124070044304428/international-business-park/
rochor-road,https://www.instagram.com/explore/locations/578554010/rochor-road/
mcdonalds-imm,https://www.instagram.com/explore/locations/245017949/mcdonalds-imm/
long-beach-seafood-restuarant-imm,https://www.instagram.com/explore/locations/226470910/long-beach-seafood-restuarant-imm/
dbs-asia-gateway,https://www.instagram.com/explore/locations/636513815/dbs-asia-gateway/
pot-luck-by-soup-restaurant,https://www.instagram.com/explore/locations/245046577/pot-luck-by-soup-restaurant/
pulau-ubin,https://www.instagram.com/explore/locations/215784213/pulau-ubin/
eurosports-performance-tuning,https://www.instagram.com/explore/locations/47678195/eurosports-performance-tuning/
hainan-second-street,https://www.instagram.com/explore/locations/100256085335954/hainan-second-street/
streats-hong-kong-cafe,https://www.instagram.com/explore/locations/886219388253826/streats-hong-kong-cafe/
imm-shopping-mall-jurong-east-singapore,https://www.instagram.com/explore/locations/776676948/imm-shopping-mall-jurong-east-singapore/
bali-thai-imm,https://www.instagram.com/explore/locations/235528085/bali-thai-imm/
white-restaurant,https://www.instagram.com/explore/locations/1093068614177551/white-restaurant/
juronghealth-campus,https://www.instagram.com/explore/locations/266508638/juronghealth-campus/
annabella-patisserie,https://www.instagram.com/explore/locations/648093783/annabella-patisserie/
kolorwerx-autoshop,https://www.instagram.com/explore/locations/209439439224087/kolorwerx-autoshop/
icon-ibp,https://www.instagram.com/explore/locations/1035835/icon-ibp/
frantonios-marinew3g-international,https://www.instagram.com/explore/locations/173088329387643/frantonios-marinew3g-international/
bali-thai-at-imm,https://www.instagram.com/explore/locations/1536492166403140/bali-thai-at-imm/
please-like-and-share,https://www.instagram.com/explore/locations/102401004899447/please-like-and-share/
sembawang-white-bee-hoon-at-imm,https://www.instagram.com/explore/locations/146893029290945/sembawang-white-bee-hoon-at-imm/
ng-teng-fong-general-hospital,https://www.instagram.com/explore/locations/1031332819/ng-teng-fong-general-hospital/
bft-jurong,https://www.instagram.com/explore/locations/111618124795210/bft-jurong/
nike-factory-store-at-imm-mall,https://www.instagram.com/explore/locations/100856734719286/nike-factory-store-at-imm-mall/
coffee-bean-bean-tea-leaf-imm,https://www.instagram.com/explore/locations/133281020558457/coffee-bean-bean-tea-leaf-imm/
seoul-garden-hotpot_imm,https://www.instagram.com/explore/locations/220492451/seoul-garden-hotpot_imm/
korean-food,https://www.instagram.com/explore/locations/1004574361/korean-food/
nike-factory-store-imm,https://www.instagram.com/explore/locations/235643480322503/nike-factory-store-imm/
gyeon-singapore,https://www.instagram.com/explore/locations/332186900673716/gyeon-singapore/
maketh-project,https://www.instagram.com/explore/locations/671238519605703/maketh-project/
climbers-laboratory,https://www.instagram.com/explore/locations/907367/climbers-laboratory/
rr-adventuresports,https://www.instagram.com/explore/locations/592171807632903/rr-adventuresports/
red-ginger,https://www.instagram.com/explore/locations/313225418792540/red-ginger/
fu-lin-fried-yong-tofu,https://www.instagram.com/explore/locations/209379863192591/fu-lin-fried-yong-tofu/
pub-waterhub,https://www.instagram.com/explore/locations/2563390/pub-waterhub/
jc-wheel-dynamic,https://www.instagram.com/explore/locations/1532382233731187/jc-wheel-dynamic/
acacia-lodge-bukit-batok-street-23,https://www.instagram.com/explore/locations/265565087/acacia-lodge-bukit-batok-street-23/
the-strategy,https://www.instagram.com/explore/locations/238690/the-strategy/
nordic-european-centre,https://www.instagram.com/explore/locations/2567001/nordic-european-centre/
keppel-shipyard-ltd-tuas-singapore,https://www.instagram.com/explore/locations/1350434911720413/keppel-shipyard-ltd-tuas-singapore/
bukit-batok-street23,https://www.instagram.com/explore/locations/889856327/bukit-batok-street23/
malaysia-boleh,https://www.instagram.com/explore/locations/245559500/malaysia-boleh/
bowling-chevron,https://www.instagram.com/explore/locations/225872641/bowling-chevron/
weikencom-delightful-interiors,https://www.instagram.com/explore/locations/330472568/weikencom-delightful-interiors/
cafe-o,https://www.instagram.com/explore/locations/270504565/cafe-o/
carpow,https://www.instagram.com/explore/locations/108703024071672/carpow/
ajisen-ramen,https://www.instagram.com/explore/locations/1111808112238115/ajisen-ramen/
the-orange-lantern-at-imm,https://www.instagram.com/explore/locations/1023159205/the-orange-lantern-at-imm/
ichiban-sushi,https://www.instagram.com/explore/locations/781574/ichiban-sushi/
westlite-dormitory,https://www.instagram.com/explore/locations/249953702/westlite-dormitory/
the-synergy-international-business-park,https://www.instagram.com/explore/locations/249509493/the-synergy-international-business-park/
tec-auto-services,https://www.instagram.com/explore/locations/2060496717577102/tec-auto-services/
shuxiangfang,https://www.instagram.com/explore/locations/108147644859853/shuxiangfang/
soup-restaurant-at-imm,https://www.instagram.com/explore/locations/228421936/soup-restaurant-at-imm/
enterprise-hub,https://www.instagram.com/explore/locations/1029487775/enterprise-hub/
ah-boon-drinks-stall-eating-house,https://www.instagram.com/explore/locations/341255116589824/ah-boon-drinks-stall-eating-house/
wonderful-bap-sang-imm,https://www.instagram.com/explore/locations/103871808643307/wonderful-bap-sang-imm/
ichiban-sushi-imm,https://www.instagram.com/explore/locations/303556968/ichiban-sushi-imm/
coach-at-imm,https://www.instagram.com/explore/locations/520159791670595/coach-at-imm/
primero-racing-singapore,https://www.instagram.com/explore/locations/877366970/primero-racing-singapore/
bikers-avenue,https://www.instagram.com/explore/locations/628232604315924/bikers-avenue/
letem-play,https://www.instagram.com/explore/locations/102926933561440/letem-play/
idaten-udon,https://www.instagram.com/explore/locations/856463378066555/idaten-udon/
toh-guan-rd-east,https://www.instagram.com/explore/locations/196875390335752/toh-guan-rd-east/
cumi-cumi,https://www.instagram.com/explore/locations/1520072204895490/cumi-cumi/
poolside-cafe,https://www.instagram.com/explore/locations/637725886716269/poolside-cafe/
so-pho-imm,https://www.instagram.com/explore/locations/2000384886677145/so-pho-imm/
shu-jiang-grilled-fish-singapore,https://www.instagram.com/explore/locations/1026348280/shu-jiang-grilled-fish-singapore/
hui-hua-credit-pte-ltd,https://www.instagram.com/explore/locations/1030399642/hui-hua-credit-pte-ltd/
blacknano,https://www.instagram.com/explore/locations/1024187285/blacknano/
east-cost-park,https://www.instagram.com/explore/locations/235971089/east-cost-park/
impact-life,https://www.instagram.com/explore/locations/304751807/impact-life/
play-laah-by-hcl,https://www.instagram.com/explore/locations/109365594224940/play-laah-by-hcl/
giant-hypermarket,https://www.instagram.com/explore/locations/514414199025334/giant-hypermarket/
48-toh-guan-rd-east-enterprize-hub,https://www.instagram.com/explore/locations/249621183/48-toh-guan-rd-east-enterprize-hub/
tradehub-21-kimly-liveseafood,https://www.instagram.com/explore/locations/509763/tradehub-21-kimly-liveseafood/
li-yuan-mee-pok,https://www.instagram.com/explore/locations/107732608263543/li-yuan-mee-pok/
teja-singh-wala,https://www.instagram.com/explore/locations/245589162530865/teja-singh-wala/
dgw-by-ashly,https://www.instagram.com/explore/locations/218902305432846/dgw-by-ashly/
forest-ramble,https://www.instagram.com/explore/locations/416767448933884/forest-ramble/
the-detailing-shop,https://www.instagram.com/explore/locations/704158949757525/the-detailing-shop/
roti-mum-singapore,https://www.instagram.com/explore/locations/311952411/roti-mum-singapore/
midview-building,https://www.instagram.com/explore/locations/2162033207193911/midview-building/
hai-di-lao-hot-pot-at-imm,https://www.instagram.com/explore/locations/342097349584569/hai-di-lao-hot-pot-at-imm/
ng-teng-fong-emergency,https://www.instagram.com/explore/locations/1919863614901227/ng-teng-fong-emergency/
enterprise-centre,https://www.instagram.com/explore/locations/4389153/enterprise-centre/
daiso-imm,https://www.instagram.com/explore/locations/56572913/daiso-imm/
chevrons-aviary-ktv,https://www.instagram.com/explore/locations/242854377/chevrons-aviary-ktv/
alpha-motorsports-performance-servicing-repair-centre,https://www.instagram.com/explore/locations/110157870598050/alpha-motorsports-performance-servicing-repair-centre/
rayampuram,https://www.instagram.com/explore/locations/122312687943880/rayampuram/
vivavox-cafe,https://www.instagram.com/explore/locations/2690934/vivavox-cafe/
saap-saap-thai-imm,https://www.instagram.com/explore/locations/1897948457164105/saap-saap-thai-imm/
bali-thai-imm,https://www.instagram.com/explore/locations/352044698550450/bali-thai-imm/
toh-guan-enterprise-hub,https://www.instagram.com/explore/locations/400655553320835/toh-guan-enterprise-hub/
teahouse-by-soup-restaurant,https://www.instagram.com/explore/locations/1119746954757144/teahouse-by-soup-restaurant/
giant-hypermarket,https://www.instagram.com/explore/locations/1601643/giant-hypermarket/
singpadel-singapore,https://www.instagram.com/explore/locations/108572028437031/singpadel-singapore/
totallyhotstuff,https://www.instagram.com/explore/locations/1183661/totallyhotstuff/
sakae-sushi-at-trade-hub-21,https://www.instagram.com/explore/locations/136848546971555/sakae-sushi-at-trade-hub-21/
showkase,https://www.instagram.com/explore/locations/682524238871627/showkase/
faves,https://www.instagram.com/explore/locations/1747196665525327/faves/
berlin,https://www.instagram.com/explore/locations/333632403/berlin/
nature-cafe-tradehub,https://www.instagram.com/explore/locations/191553664817120/nature-cafe-tradehub/
balithai-imm,https://www.instagram.com/explore/locations/1514989/balithai-imm/
geekbite,https://www.instagram.com/explore/locations/1261305553981304/geekbite/
seasonal-salad-bar-imm,https://www.instagram.com/explore/locations/1016790871/seasonal-salad-bar-imm/
swensens,https://www.instagram.com/explore/locations/1949320978710707/swensens/
helix,https://www.instagram.com/explore/locations/171991943726291/helix/
miao-dance,https://www.instagram.com/explore/locations/100157808493957/miao-dance/
jj-kitchen,https://www.instagram.com/explore/locations/101618395085726/jj-kitchen/
wcega-plaza-bukit-batok-cresent-singapore,https://www.instagram.com/explore/locations/239238626/wcega-plaza-bukit-batok-cresent-singapore/
kopitiam,https://www.instagram.com/explore/locations/2515143/kopitiam/
food-lovers-only,https://www.instagram.com/explore/locations/311473422522092/food-lovers-only/
sea-tripod-at-garden,https://www.instagram.com/explore/locations/104624137713001/sea-tripod-at-garden/
le-xiao-chu-live-seafood,https://www.instagram.com/explore/locations/102245541147509/le-xiao-chu-live-seafood/
twelve-cupcakes,https://www.instagram.com/explore/locations/50075471/twelve-cupcakes/
united-automobile-services,https://www.instagram.com/explore/locations/312038052213383/united-automobile-services/
bali-thai-indonesian-thai-cuisines-imm-shopping-mall,https://www.instagram.com/explore/locations/270824001/bali-thai-indonesian-thai-cuisines-imm-shopping-mall/
imm,https://www.instagram.com/explore/locations/772466764/imm/
squad-workshop,https://www.instagram.com/explore/locations/326963077869320/squad-workshop/
ya-kun-kaya-toast,https://www.instagram.com/explore/locations/321799041657941/ya-kun-kaya-toast/
uber-garage,https://www.instagram.com/explore/locations/518802883/uber-garage/
imm,https://www.instagram.com/explore/locations/4187351/imm/
imm-giant,https://www.instagram.com/explore/locations/623009951461614/imm-giant/
starbucks-singapore,https://www.instagram.com/explore/locations/111999383518416/starbucks-singapore/
hafary-pte-ltd,https://www.instagram.com/explore/locations/965366936998569/hafary-pte-ltd/
giant-imm,https://www.instagram.com/explore/locations/253500246/giant-imm/
peti-solek-the-bridal-room,https://www.instagram.com/explore/locations/352387646/peti-solek-the-bridal-room/
tradehub-21,https://www.instagram.com/explore/locations/157003295029777/tradehub-21/
imm,https://www.instagram.com/explore/locations/98001327/imm/
soup-restaurant-teahouse,https://www.instagram.com/explore/locations/331083301029906/soup-restaurant-teahouse/
rong-guang-bbq-seafood-at-tradehub-21,https://www.instagram.com/explore/locations/2259488707707034/rong-guang-bbq-seafood-at-tradehub-21/
ulu-pandan-depotsmrt,https://www.instagram.com/explore/locations/261461094/ulu-pandan-depotsmrt/
ng-teng-fong-general-hospital-tower-b,https://www.instagram.com/explore/locations/1783371291979051/ng-teng-fong-general-hospital-tower-b/
boulder-chevrons,https://www.instagram.com/explore/locations/103613865587145/boulder-chevrons/
singapor-citty,https://www.instagram.com/explore/locations/531343608/singapor-citty/
pee-ka-poo,https://www.instagram.com/explore/locations/1698386123793532/pee-ka-poo/
tecs-fire-and-safety,https://www.instagram.com/explore/locations/1441993859395417/tecs-fire-and-safety/
nippon-express-global-logistics-center,https://www.instagram.com/explore/locations/410171931/nippon-express-global-logistics-center/
ng-teng-fong-general-hospital-jurong-east-singapore,https://www.instagram.com/explore/locations/546965912166094/ng-teng-fong-general-hospital-jurong-east-singapore/
sugar-shapewear-singapore,https://www.instagram.com/explore/locations/151842098219082/sugar-shapewear-singapore/
25-bukit-batok-cresent-the-elitist,https://www.instagram.com/explore/locations/361239413/25-bukit-batok-cresent-the-elitist/
carlours,https://www.instagram.com/explore/locations/2115636235362984/carlours/
haidilao-hot-pot-imm,https://www.instagram.com/explore/locations/565857323760919/haidilao-hot-pot-imm/
the-coffee-bean-tea-leafat-imm,https://www.instagram.com/explore/locations/1021340861/the-coffee-bean-tea-leafat-imm/
ng-teng-fong-emergency,https://www.instagram.com/explore/locations/136718847038028/ng-teng-fong-emergency/
saboten-at-imm,https://www.instagram.com/explore/locations/64670963/saboten-at-imm/
enterprise-hub,https://www.instagram.com/explore/locations/603853/enterprise-hub/
avantage-vag-automotive-specialists,https://www.instagram.com/explore/locations/298919883/avantage-vag-automotive-specialists/
supergurl,https://www.instagram.com/explore/locations/923164754/supergurl/
sakae-sushi-tradehub-21,https://www.instagram.com/explore/locations/11537272/sakae-sushi-tradehub-21/
kimly-live-seafood,https://www.instagram.com/explore/locations/3411671/kimly-live-seafood/
white-restaurant-imm,https://www.instagram.com/explore/locations/533117947056982/white-restaurant-imm/
the-chevrons-chalets,https://www.instagram.com/explore/locations/252795972104021/the-chevrons-chalets/
boulder-chevrons,https://www.instagram.com/explore/locations/103103978910208/boulder-chevrons/
cars-aesthetic-concepts,https://www.instagram.com/explore/locations/231862497509510/cars-aesthetic-concepts/
toh-guan-dormitory,https://www.instagram.com/explore/locations/374628236595049/toh-guan-dormitory/
burger-king-imm,https://www.instagram.com/explore/locations/235335984/burger-king-imm/
midview-building,https://www.instagram.com/explore/locations/3035336/midview-building/
li-yuan-mee-pok,https://www.instagram.com/explore/locations/111000261264395/li-yuan-mee-pok/
sushi-express-imm,https://www.instagram.com/explore/locations/648198933/sushi-express-imm/
the-splendour-at-31-bukit-batok-crescent,https://www.instagram.com/explore/locations/292197671/the-splendour-at-31-bukit-batok-crescent/
iglesia-ni-cristo-singapore-west,https://www.instagram.com/explore/locations/16585858/iglesia-ni-cristo-singapore-west/
chuan-hai-seafood-,https://www.instagram.com/explore/locations/501899016889686/chuan-hai-seafood-/
cafe-o-at-imm,https://www.instagram.com/explore/locations/220947420/cafe-o-at-imm/
mp-thai,https://www.instagram.com/explore/locations/175549885631451/mp-thai/
laminate-door-pte-ltd,https://www.instagram.com/explore/locations/568717306836775/laminate-door-pte-ltd/
hai-di-lao,https://www.instagram.com/explore/locations/304598767/hai-di-lao/
prestige-centre,https://www.instagram.com/explore/locations/18406059/prestige-centre/
popeyes-imm,https://www.instagram.com/explore/locations/51162733/popeyes-imm/
streats-hongkong-cafe,https://www.instagram.com/explore/locations/260801848/streats-hongkong-cafe/
mane-kau-nak,https://www.instagram.com/explore/locations/278419029/mane-kau-nak/
clh-tyres,https://www.instagram.com/explore/locations/477871192/clh-tyres/
sf-fruits,https://www.instagram.com/explore/locations/368895080385036/sf-fruits/
lai-fa-ba,https://www.instagram.com/explore/locations/101319112337209/lai-fa-ba/
dome-cafe-singapore,https://www.instagram.com/explore/locations/1025122871/dome-cafe-singapore/
bali-thai,https://www.instagram.com/explore/locations/101290562349930/bali-thai/
glazity-auto,https://www.instagram.com/explore/locations/2311747449085693/glazity-auto/
westgate-jurong-east,https://www.instagram.com/explore/locations/435607446/westgate-jurong-east/
swensens-imm,https://www.instagram.com/explore/locations/204145140219618/swensens-imm/
pot-luckzi-char-in-the-pot-at-imm,https://www.instagram.com/explore/locations/234761324/pot-luckzi-char-in-the-pot-at-imm/
garden-plaza-imm,https://www.instagram.com/explore/locations/263672545/garden-plaza-imm/
the-furniture-mall,https://www.instagram.com/explore/locations/24524098/the-furniture-mall/
unity-centre-offices,https://www.instagram.com/explore/locations/1030640320/unity-centre-offices/
hoshi-japanese-restaurant,https://www.instagram.com/explore/locations/535139/hoshi-japanese-restaurant/
hong-le-floral-trading,https://www.instagram.com/explore/locations/1020966305/hong-le-floral-trading/
gold-autoworks-pte-ltd,https://www.instagram.com/explore/locations/2076242169274975/gold-autoworks-pte-ltd/
m1-motoring-toh-guan,https://www.instagram.com/explore/locations/134963910530072/m1-motoring-toh-guan/
the-synergy,https://www.instagram.com/explore/locations/1196501/the-synergy/
acer-service-centre,https://www.instagram.com/explore/locations/1022041/acer-service-centre/
cafe-manuka-imm,https://www.instagram.com/explore/locations/1018997005/cafe-manuka-imm/
orchid-bowl-the-chevrons,https://www.instagram.com/explore/locations/973643702/orchid-bowl-the-chevrons/
hitachi-elevator-building,https://www.instagram.com/explore/locations/38748038/hitachi-elevator-building/
the-chevrons-chalet,https://www.instagram.com/explore/locations/7495617/the-chevrons-chalet/
amazon-asia-pacific-holdings-usg1,https://www.instagram.com/explore/locations/460343794456894/amazon-asia-pacific-holdings-usg1/
fashionlab-singapore,https://www.instagram.com/explore/locations/790449496/fashionlab-singapore/
white-restaurant-imm,https://www.instagram.com/explore/locations/200699970543798/white-restaurant-imm/
sentosa-beach,https://www.instagram.com/explore/locations/258895642/sentosa-beach/
lst-incense,https://www.instagram.com/explore/locations/107964158124413/lst-incense/
singapore-jurong-toh-guan-rd-east,https://www.instagram.com/explore/locations/474591325/singapore-jurong-toh-guan-rd-east/
ng-teng-fong-general-hospital,https://www.instagram.com/explore/locations/763231143/ng-teng-fong-general-hospital/
swensen-imm,https://www.instagram.com/explore/locations/846695083/swensen-imm/
joo-chiat-teochew-porridge,https://www.instagram.com/explore/locations/216365377/joo-chiat-teochew-porridge/
incedeasia,https://www.instagram.com/explore/locations/108088891640461/incedeasia/
kotoshi-ryori-japanese-dining,https://www.instagram.com/explore/locations/257656548/kotoshi-ryori-japanese-dining/
syukran-pd-allah,https://www.instagram.com/explore/locations/1272068482810015/syukran-pd-allah/
hanis-cafe-bakery-singapore,https://www.instagram.com/explore/locations/344306799280479/hanis-cafe-bakery-singapore/
johnson-johnson-the-strategy-ibp,https://www.instagram.com/explore/locations/247102098/johnson-johnson-the-strategy-ibp/
imperial-feast,https://www.instagram.com/explore/locations/244188377/imperial-feast/
the-furniture-mall-10-toh-guan-road,https://www.instagram.com/explore/locations/286897096/the-furniture-mall-10-toh-guan-road/
ram-leasing-llp,https://www.instagram.com/explore/locations/1157331604302967/ram-leasing-llp/
imm-seoul-garden,https://www.instagram.com/explore/locations/266490757/imm-seoul-garden/
gelare,https://www.instagram.com/explore/locations/348140572426429/gelare/
ajisen-imm,https://www.instagram.com/explore/locations/367823636/ajisen-imm/
jas-indulge-nail-spa-and-massage,https://www.instagram.com/explore/locations/347506805809446/jas-indulge-nail-spa-and-massage/
balithai,https://www.instagram.com/explore/locations/313829199441727/balithai/
brocade-auto,https://www.instagram.com/explore/locations/983757041/brocade-auto/
white-beach-camiguin-island-to-the-land-of-the-long-white-cloud,https://www.instagram.com/explore/locations/291989394517731/white-beach-camiguin-island-to-the-land-of-the-long-white-cloud/
autoclinic-car-service-center-singapore,https://www.instagram.com/explore/locations/422032918/autoclinic-car-service-center-singapore/
ares-fight-club,https://www.instagram.com/explore/locations/579935712/ares-fight-club/
chevron,https://www.instagram.com/explore/locations/806109711/chevron/
26-tai-seng-street,https://www.instagram.com/explore/locations/1826306177644401/26-tai-seng-street/
jshopspree-jss,https://www.instagram.com/explore/locations/252796291417835/jshopspree-jss/
labonnie-catering,https://www.instagram.com/explore/locations/1396071310633670/labonnie-catering/
streats-hk-cafe-imm,https://www.instagram.com/explore/locations/236815155/streats-hk-cafe-imm/
unity-centre,https://www.instagram.com/explore/locations/2183266/unity-centre/
fruits-paradise,https://www.instagram.com/explore/locations/106349181161482/fruits-paradise/
2-jurong-gateway-road,https://www.instagram.com/explore/locations/145636222741320/2-jurong-gateway-road/
yakun-kaya-toast-at-imm,https://www.instagram.com/explore/locations/732701094/yakun-kaya-toast-at-imm/
burger-king,https://www.instagram.com/explore/locations/2167378906845812/burger-king/
soup-restaurant,https://www.instagram.com/explore/locations/71579224/soup-restaurant/
kopitiam-at-imm,https://www.instagram.com/explore/locations/1048925471856739/kopitiam-at-imm/
giant-imm,https://www.instagram.com/explore/locations/124406884994379/giant-imm/
kopitiam,https://www.instagram.com/explore/locations/260935854770093/kopitiam/
?locale=en_US,https://help.instagram.com/581066165581870/?locale=en_US
bukit-batok-cresent-wcega-tower,https://www.instagram.com/explore/locations/272343101/bukit-batok-cresent-wcega-tower/
community-of-praise-baptist-church,https://www.instagram.com/explore/locations/11561090/community-of-praise-baptist-church/
a-star-motors-pte-ltd,https://www.instagram.com/explore/locations/2400695773275183/a-star-motors-pte-ltd/
sakae-sushi,https://www.instagram.com/explore/locations/908800/sakae-sushi/
starry-homestead-pte-ltd,https://www.instagram.com/explore/locations/491596827/starry-homestead-pte-ltd/
32-old-toh-tuck-road,https://www.instagram.com/explore/locations/376153762871114/32-old-toh-tuck-road/
pontian-wanton-noodles-at-imm-jurong-east-singapore,https://www.instagram.com/explore/locations/155178941724580/pontian-wanton-noodles-at-imm-jurong-east-singapore/
the-tyre-mart,https://www.instagram.com/explore/locations/386136425319106/the-tyre-mart/
heng-loong-building,https://www.instagram.com/explore/locations/675002770/heng-loong-building/
tsuru-koshi,https://www.instagram.com/explore/locations/248992327/tsuru-koshi/
strategy-building,https://www.instagram.com/explore/locations/303536644/strategy-building/
hong-kong-streets-cafe-imm,https://www.instagram.com/explore/locations/255978914/hong-kong-streets-cafe-imm/
bukit-batok-crescent,https://www.instagram.com/explore/locations/566593523/bukit-batok-crescent/
the-spire,https://www.instagram.com/explore/locations/562775470/the-spire/
conceptupgrade,https://www.instagram.com/explore/locations/349058919084967/conceptupgrade/
hong-kong-sheng-kee-dessert,https://www.instagram.com/explore/locations/289549498544122/hong-kong-sheng-kee-dessert/
urban-lil,https://www.instagram.com/explore/locations/1684248015019327/urban-lil/
performance-coatings-international,https://www.instagram.com/explore/locations/1021032305/performance-coatings-international/
streats-hong-kong-cafe-imm,https://www.instagram.com/explore/locations/290735019/streats-hong-kong-cafe-imm/
autotriz-singapore,https://www.instagram.com/explore/locations/1632659400131221/autotriz-singapore/
speedway-motor-singapore,https://www.instagram.com/explore/locations/318774384/speedway-motor-singapore/
thailand-bangkok,https://www.instagram.com/explore/locations/451056175/thailand-bangkok/
malina-bay,https://www.instagram.com/explore/locations/750712528/malina-bay/
sony-electronics-asia-pacific-pte-ltd,https://www.instagram.com/explore/locations/279683806/sony-electronics-asia-pacific-pte-ltd/
13thirteen,https://www.instagram.com/explore/locations/802861560/13thirteen/
balithai-restaurant-imm-jurong-east,https://www.instagram.com/explore/locations/259503697/balithai-restaurant-imm-jurong-east/
the-mens-cave,https://www.instagram.com/explore/locations/725347570901001/the-mens-cave/
bikers-world-club,https://www.instagram.com/explore/locations/105867022081045/bikers-world-club/
rendezvous-bistro-bar,https://www.instagram.com/explore/locations/436849094/rendezvous-bistro-bar/
8-tradehub-21,https://www.instagram.com/explore/locations/1140539/8-tradehub-21/
island-of-singapore,https://www.instagram.com/explore/locations/195583987240967/island-of-singapore/
trail,https://www.instagram.com/explore/locations/973863375/trail/
lns-company,https://www.instagram.com/explore/locations/245931975420250/lns-company/
cj-korea-express-asia-pte-ltd,https://www.instagram.com/explore/locations/328454201/cj-korea-express-asia-pte-ltd/
happy-clicks,https://www.instagram.com/explore/locations/337448939651379/happy-clicks/
ng-teng-fong-general-hospital-ae,https://www.instagram.com/explore/locations/388040028307556/ng-teng-fong-general-hospital-ae/
ng-teng-fong-general-hospital-emergency-department,https://www.instagram.com/explore/locations/169764073627552/ng-teng-fong-general-hospital-emergency-department/
base-coffee,https://www.instagram.com/explore/locations/101480805696992/base-coffee/
popeyes-louisiana-kitchen-imm,https://www.instagram.com/explore/locations/242950006/popeyes-louisiana-kitchen-imm/
hai-di-lao,https://www.instagram.com/explore/locations/270982103543512/hai-di-lao/
puma-outlet-store-at-imm,https://www.instagram.com/explore/locations/458943710/puma-outlet-store-at-imm/
dell-global-bv-singapore-branch,https://www.instagram.com/explore/locations/262878486/dell-global-bv-singapore-branch/
rs-performance-garage-pte-ltd,https://www.instagram.com/explore/locations/105600661320362/rs-performance-garage-pte-ltd/
food-hub,https://www.instagram.com/explore/locations/177416843168128/food-hub/
edmund-motor-pte-ltd,https://www.instagram.com/explore/locations/335908783820813/edmund-motor-pte-ltd/
aviary-ktvthe-chevrons,https://www.instagram.com/explore/locations/249894261720659/aviary-ktvthe-chevrons/
infratint-pte-ltd,https://www.instagram.com/explore/locations/776115245/infratint-pte-ltd/
dunkindonuts,https://www.instagram.com/explore/locations/285895008982528/dunkindonuts/
18tradehub-21,https://www.instagram.com/explore/locations/6351910/18tradehub-21/
uniqlo-jem-in-jurong-east,https://www.instagram.com/explore/locations/528326180588079/uniqlo-jem-in-jurong-east/
our-space,https://www.instagram.com/explore/locations/101880224511423/our-space/
menicon-singapore,https://www.instagram.com/explore/locations/316013121/menicon-singapore/
mtm-group,https://www.instagram.com/explore/locations/2260950367264947/mtm-group/
dimension-audio,https://www.instagram.com/explore/locations/149607961778027/dimension-audio/
potluck-claypot-imm-shopping-mall,https://www.instagram.com/explore/locations/272596960/potluck-claypot-imm-shopping-mall/
madness-tune,https://www.instagram.com/explore/locations/113804757461517/madness-tune/
swensens-imm,https://www.instagram.com/explore/locations/257643084978878/swensens-imm/
yong-fang-doors,https://www.instagram.com/explore/locations/1784618845131806/yong-fang-doors/
candy-pets,https://www.instagram.com/explore/locations/488545335294789/candy-pets/
saap-saap-thai-imm,https://www.instagram.com/explore/locations/405311686604275/saap-saap-thai-imm/
popular-holdings,https://www.instagram.com/explore/locations/2051988/popular-holdings/
giant-hypermarket-imm,https://www.instagram.com/explore/locations/253734956/giant-hypermarket-imm/
coach-shop-singapore,https://www.instagram.com/explore/locations/175238043140638/coach-shop-singapore/
chevron-resort-in-jurong-east,https://www.instagram.com/explore/locations/596799107/chevron-resort-in-jurong-east/
ah-mei-cafe-imm,https://www.instagram.com/explore/locations/166640/ah-mei-cafe-imm/
park-regis-hotel,https://www.instagram.com/explore/locations/663568972/park-regis-hotel/
kimly-seafood-restaurant,https://www.instagram.com/explore/locations/6602928/kimly-seafood-restaurant/
ng-teng-fong-tower-c,https://www.instagram.com/explore/locations/1685744545003008/ng-teng-fong-tower-c/
gforce,https://www.instagram.com/explore/locations/104702952280050/gforce/
wan-chai-hongkong-tea-room-imm,https://www.instagram.com/explore/locations/252606851/wan-chai-hongkong-tea-room-imm/
hua-chin-2000-trading-motor-service-centre,https://www.instagram.com/explore/locations/1935609/hua-chin-2000-trading-motor-service-centre/
the-jade-condominium,https://www.instagram.com/explore/locations/1144750/the-jade-condominium/
the-strategy-ibp,https://www.instagram.com/explore/locations/289983191512646/the-strategy-ibp/
streats-hongkong-cafe-imm-singapore,https://www.instagram.com/explore/locations/666109201/streats-hongkong-cafe-imm-singapore/
bali-thai-restaurant-imm,https://www.instagram.com/explore/locations/228528019/bali-thai-restaurant-imm/
kate-spade-new-york,https://www.instagram.com/explore/locations/2381411468555968/kate-spade-new-york/
mewah-ibp,https://www.instagram.com/explore/locations/275465540/mewah-ibp/
gec_southeastasia,https://www.instagram.com/explore/locations/102107366077851/gec_southeastasia/
imm-kopitiam,https://www.instagram.com/explore/locations/455251868265988/imm-kopitiam/
mr-coconut-at-imm,https://www.instagram.com/explore/locations/121660882558677/mr-coconut-at-imm/
unity-centre-bukit-batok-crescent,https://www.instagram.com/explore/locations/329299954/unity-centre-bukit-batok-crescent/
trade-hub-21,https://www.instagram.com/explore/locations/613799595801302/trade-hub-21/
hans-the-chevrons,https://www.instagram.com/explore/locations/239913843/hans-the-chevrons/
31-international-business-park-rd,https://www.instagram.com/explore/locations/440556580082085/31-international-business-park-rd/
tradehub-21-boonlay-way,https://www.instagram.com/explore/locations/680263702168209/tradehub-21-boonlay-way/
flo-food-lovers-only,https://www.instagram.com/explore/locations/878529038942944/flo-food-lovers-only/
boon-lay-way,https://www.instagram.com/explore/locations/267508029/boon-lay-way/
fashion-on-display,https://www.instagram.com/explore/locations/106902668606517/fashion-on-display/
crav-pot,https://www.instagram.com/explore/locations/102025344535215/crav-pot/
cartistry-singapore,https://www.instagram.com/explore/locations/113554905130270/cartistry-singapore/
pot-luck-imm-jurong-east,https://www.instagram.com/explore/locations/242902954/pot-luck-imm-jurong-east/
hong-kong-sheng-kee-dessert-imm,https://www.instagram.com/explore/locations/219942515/hong-kong-sheng-kee-dessert-imm/
nike-factory-store-imm-at-singapore,https://www.instagram.com/explore/locations/1024274722/nike-factory-store-imm-at-singapore/
sushi-express-imm,https://www.instagram.com/explore/locations/883397999/sushi-express-imm/
the-gym-pod,https://www.instagram.com/explore/locations/2751459694867574/the-gym-pod/
digital-realty-trust,https://www.instagram.com/explore/locations/5400075/digital-realty-trust/
31-toh-guan-road-east-lw-technocentre,https://www.instagram.com/explore/locations/145819092208807/31-toh-guan-road-east-lw-technocentre/
baobab-tree-studio,https://www.instagram.com/explore/locations/453183551/baobab-tree-studio/
31-bukit-batok-crescent,https://www.instagram.com/explore/locations/142870801/31-bukit-batok-crescent/
miracle-workz,https://www.instagram.com/explore/locations/574005036428908/miracle-workz/
chevron-orchid-bowl,https://www.instagram.com/explore/locations/258993201/chevron-orchid-bowl/
10-bukit-batok-crescent,https://www.instagram.com/explore/locations/606661686/10-bukit-batok-crescent/
raptor-motorsports,https://www.instagram.com/explore/locations/34193090/raptor-motorsports/
32-old-toh-tuck-rd-ibiz-centre,https://www.instagram.com/explore/locations/318620544/32-old-toh-tuck-rd-ibiz-centre/
jurong-community-hospital,https://www.instagram.com/explore/locations/284257768583520/jurong-community-hospital/
2-international-business-park-the-strategy,https://www.instagram.com/explore/locations/255999732/2-international-business-park-the-strategy/
rodalink-tradehub,https://www.instagram.com/explore/locations/155306711227836/rodalink-tradehub/
soup-restaurant,https://www.instagram.com/explore/locations/422403755019813/soup-restaurant/
twelve-cupcakes-imm,https://www.instagram.com/explore/locations/49899602/twelve-cupcakes-imm/
bazaar-ramadhan-geylang-serai,https://www.instagram.com/explore/locations/319884418/bazaar-ramadhan-geylang-serai/
seasonal-salad-bar-imm,https://www.instagram.com/explore/locations/1022219249/seasonal-salad-bar-imm/
homestolife,https://www.instagram.com/explore/locations/100215668265680/homestolife/
ntuc-learning-hub-tradehub21,https://www.instagram.com/explore/locations/1674094/ntuc-learning-hub-tradehub21/
tacam-industrial-building,https://www.instagram.com/explore/locations/59039719/tacam-industrial-building/
ng-teng-fong-hospital,https://www.instagram.com/explore/locations/758357324332441/ng-teng-fong-hospital/
nature-cafe-at-tradehub-21,https://www.instagram.com/explore/locations/316019603/nature-cafe-at-tradehub-21/
icon-international-business-park,https://www.instagram.com/explore/locations/403289730/icon-international-business-park/
stellar-k-beauty,https://www.instagram.com/explore/locations/157218071683458/stellar-k-beauty/
pepper-lunch,https://www.instagram.com/explore/locations/1220394908120169/pepper-lunch/
healthy-glowing,https://www.instagram.com/explore/locations/728496160623923/healthy-glowing/
cafe-de-paradiso,https://www.instagram.com/explore/locations/24551961/cafe-de-paradiso/
jurong-east-imm-kopitiam,https://www.instagram.com/explore/locations/253862819/jurong-east-imm-kopitiam/
sakae-teppanyaki,https://www.instagram.com/explore/locations/889300300/sakae-teppanyaki/
erzat-lee-tyres-pte-ltd,https://www.instagram.com/explore/locations/102374502196550/erzat-lee-tyres-pte-ltd/
u-autocare,https://www.instagram.com/explore/locations/1733398553588223/u-autocare/
jurang-east-temple,https://www.instagram.com/explore/locations/357862927609420/jurang-east-temple/
spinelli-coffee-company,https://www.instagram.com/explore/locations/221533326/spinelli-coffee-company/
ajisen-ramen-imm,https://www.instagram.com/explore/locations/33691977/ajisen-ramen-imm/
imusicians,https://www.instagram.com/explore/locations/274813549/imusicians/
7-toh-guan-road-east-alpha-building,https://www.instagram.com/explore/locations/258672478/7-toh-guan-road-east-alpha-building/
ntfgh-accident-emergency-ae,https://www.instagram.com/explore/locations/337143477055552/ntfgh-accident-emergency-ae/
9-creation,https://www.instagram.com/explore/locations/402931970/9-creation/
onitsuka-tiger-imm,https://www.instagram.com/explore/locations/1032435831/onitsuka-tiger-imm/
market-singapore,https://www.instagram.com/explore/locations/112360633467611/market-singapore/
cnergy,https://www.instagram.com/explore/locations/265750526/cnergy/
chevron-chalets,https://www.instagram.com/explore/locations/229680675/chevron-chalets/
bukit-batok-cresent,https://www.instagram.com/explore/locations/384881018/bukit-batok-cresent/
midas-cars-pte-ltd,https://www.instagram.com/explore/locations/217227355673824/midas-cars-pte-ltd/
sgs-testing-control-services-singapore-pte-ltd,https://www.instagram.com/explore/locations/289753570/sgs-testing-control-services-singapore-pte-ltd/
sbstransit-bus-depot-bukit-batok,https://www.instagram.com/explore/locations/308600103122794/sbstransit-bus-depot-bukit-batok/
tumi,https://www.instagram.com/explore/locations/349168855858791/tumi/
marina-bay-singapore,https://www.instagram.com/explore/locations/237632374/marina-bay-singapore/
ajisen-ramen-immjurong-east,https://www.instagram.com/explore/locations/321007562/ajisen-ramen-immjurong-east/
2-toh-guan-road-east,https://www.instagram.com/explore/locations/1017951013/2-toh-guan-road-east/
et-motorsport-pte-ltd,https://www.instagram.com/explore/locations/1738182083124775/et-motorsport-pte-ltd/
huper-optik-singapore,https://www.instagram.com/explore/locations/2206319669692425/huper-optik-singapore/
yamari-singapore-pte-ltd,https://www.instagram.com/explore/locations/65537445/yamari-singapore-pte-ltd/
the-elitist,https://www.instagram.com/explore/locations/264407503/the-elitist/
jurong-east-imm,https://www.instagram.com/explore/locations/220461079/jurong-east-imm/
blk-283-toh-guan-road,https://www.instagram.com/explore/locations/1848127/blk-283-toh-guan-road/
hong-ray-photography,https://www.instagram.com/explore/locations/138537056183891/hong-ray-photography/
swee-seng-group,https://www.instagram.com/explore/locations/409943234/swee-seng-group/
gecko-werkz,https://www.instagram.com/explore/locations/107705684702872/gecko-werkz/
tt-motorsport,https://www.instagram.com/explore/locations/414704935739944/tt-motorsport/
lk-performance-centre,https://www.instagram.com/explore/locations/1138135779538937/lk-performance-centre/
siecle-studios,https://www.instagram.com/explore/locations/104622599296719/siecle-studios/
timberlandimm,https://www.instagram.com/explore/locations/5523073/timberlandimm/
o-bar,https://www.instagram.com/explore/locations/6659271/o-bar/
laminate-door-pte-ltd,https://www.instagram.com/explore/locations/101896517943324/laminate-door-pte-ltd/
toh-guan-road-blk-285b,https://www.instagram.com/explore/locations/301257989/toh-guan-road-blk-285b/
mookata-thai-steamboat-at-wcega-plaza,https://www.instagram.com/explore/locations/346131095/mookata-thai-steamboat-at-wcega-plaza/
white-restaurant-at-imm,https://www.instagram.com/explore/locations/1357630647700127/white-restaurant-at-imm/
rnd-music-factory,https://www.instagram.com/explore/locations/410896505624430/rnd-music-factory/
coffee-club-imm,https://www.instagram.com/explore/locations/234666825/coffee-club-imm/
tch-techcentre,https://www.instagram.com/explore/locations/867997/tch-techcentre/
golds-gym,https://www.instagram.com/explore/locations/252536504/golds-gym/
orchid-bowl-at-the-chevrons,https://www.instagram.com/explore/locations/161358554606148/orchid-bowl-at-the-chevrons/
jpg,https://www.instagram.com/explore/locations/104925189119662/jpg/
thrifteyseconds,https://www.instagram.com/explore/locations/102996744910369/thrifteyseconds/
the-furniture-mall-toh-guan-rd,https://www.instagram.com/explore/locations/259436366/the-furniture-mall-toh-guan-rd/
ng-teng-fong-general-hospital-singapore-general-hospital,https://www.instagram.com/explore/locations/158499154577584/ng-teng-fong-general-hospital-singapore-general-hospital/
hui-hua-credit-pte-ltd-wcega-plaza,https://www.instagram.com/explore/locations/918841566/hui-hua-credit-pte-ltd-wcega-plaza/
craftsmen-atelier,https://www.instagram.com/explore/locations/1877722529140241/craftsmen-atelier/
cj-gls-asia-pte-ltd,https://www.instagram.com/explore/locations/4408994/cj-gls-asia-pte-ltd/
hafary-tradehub21,https://www.instagram.com/explore/locations/253555214/hafary-tradehub21/
ong-clan,https://www.instagram.com/explore/locations/1019978798/ong-clan/
tangerine,https://www.instagram.com/explore/locations/337279678/tangerine/
gzox-singapore,https://www.instagram.com/explore/locations/102697805702747/gzox-singapore/
bhayo-mojjj,https://www.instagram.com/explore/locations/421450758367343/bhayo-mojjj/
kongsberg-maritime,https://www.instagram.com/explore/locations/21652760/kongsberg-maritime/
owndays-singapore,https://www.instagram.com/explore/locations/918523941649316/owndays-singapore/
secom-singapore-ptd-ltd,https://www.instagram.com/explore/locations/294695262/secom-singapore-ptd-ltd/
fancy-delight-imm,https://www.instagram.com/explore/locations/1754733/fancy-delight-imm/
imm-building-jurong-east,https://www.instagram.com/explore/locations/222569511/imm-building-jurong-east/
imm-wanchai-hong-kong-cafe,https://www.instagram.com/explore/locations/577295683/imm-wanchai-hong-kong-cafe/
1a-international-business-park-singapore,https://www.instagram.com/explore/locations/241023130/1a-international-business-park-singapore/
baystreet-21-imm,https://www.instagram.com/explore/locations/979591/baystreet-21-imm/
dunearn-ballroom-raffles-town-club,https://www.instagram.com/explore/locations/268199076/dunearn-ballroom-raffles-town-club/
future-scootering-pte-ltd,https://www.instagram.com/explore/locations/17011807/future-scootering-pte-ltd/
chuan-wei-mala-xiang-guo,https://www.instagram.com/explore/locations/100491521533203/chuan-wei-mala-xiang-guo/
yamakawa-super,https://www.instagram.com/explore/locations/446775682/yamakawa-super/
infinity-core,https://www.instagram.com/explore/locations/572258758/infinity-core/
melodys-kitchen,https://www.instagram.com/explore/locations/160989776/melodys-kitchen/
mcdonalds,https://www.instagram.com/explore/locations/508527372837018/mcdonalds/
the-cafe-cartel-imm,https://www.instagram.com/explore/locations/497976/the-cafe-cartel-imm/
liang-peng-bak-kut-teh-at-imm,https://www.instagram.com/explore/locations/1004474414/liang-peng-bak-kut-teh-at-imm/
lot-one,https://www.instagram.com/explore/locations/622559781/lot-one/
potluck-imm-building,https://www.instagram.com/explore/locations/901510500/potluck-imm-building/
ballroom,https://www.instagram.com/explore/locations/321120788/ballroom/
the-chevrons-grand-ballroom-level-3,https://www.instagram.com/explore/locations/287045565/the-chevrons-grand-ballroom-level-3/
ntfh-tower-c,https://www.instagram.com/explore/locations/153232825404970/ntfh-tower-c/
imtidad-domestic-helper-agency,https://www.instagram.com/explore/locations/181185645372493/imtidad-domestic-helper-agency/
seasonal-salad-bar-imm,https://www.instagram.com/explore/locations/476001036071647/seasonal-salad-bar-imm/
long-beach-seafood-restaurant-imm,https://www.instagram.com/explore/locations/1433063176750333/long-beach-seafood-restaurant-imm/
seoul-garden-hotpot-at-imm,https://www.instagram.com/explore/locations/1425804154108647/seoul-garden-hotpot-at-imm/
sony-strategy-bldg,https://www.instagram.com/explore/locations/275495112/sony-strategy-bldg/
tagore-lane,https://www.instagram.com/explore/locations/800457828/tagore-lane/
li-hong-auto-enterprise,https://www.instagram.com/explore/locations/100264533/li-hong-auto-enterprise/
coach-boutique-imm,https://www.instagram.com/explore/locations/822717598/coach-boutique-imm/
heng-motor-toh-guan,https://www.instagram.com/explore/locations/272442726/heng-motor-toh-guan/
site-office,https://www.instagram.com/explore/locations/1023362651/site-office/
edgeline-planners,https://www.instagram.com/explore/locations/469255903139647/edgeline-planners/
st-motors,https://www.instagram.com/explore/locations/268240840018753/st-motors/
rodalink-jurong-east-bicycle-megastore,https://www.instagram.com/explore/locations/871221043081028/rodalink-jurong-east-bicycle-megastore/
marina-bay-golf-course,https://www.instagram.com/explore/locations/250416321/marina-bay-golf-course/
saboten-at-imm,https://www.instagram.com/explore/locations/1023994910/saboten-at-imm/
xiao-chu-zi,https://www.instagram.com/explore/locations/1031491006/xiao-chu-zi/
harrys,https://www.instagram.com/explore/locations/856123/harrys/
valour-sg,https://www.instagram.com/explore/locations/246085009435959/valour-sg/
bilik-ehek-ehek,https://www.instagram.com/explore/locations/952882028230218/bilik-ehek-ehek/
ikea-alexandra-rd,https://www.instagram.com/explore/locations/236995310/ikea-alexandra-rd/
hella,https://www.instagram.com/explore/locations/271044980316/hella/
ya-kun-imm,https://www.instagram.com/explore/locations/238612263/ya-kun-imm/
ya-kun-kaya-toast,https://www.instagram.com/explore/locations/53257603/ya-kun-kaya-toast/
hong-kong-sheng-kee-dessert-imm,https://www.instagram.com/explore/locations/235498294/hong-kong-sheng-kee-dessert-imm/
rolls-royce-singapore-pte-ltd,https://www.instagram.com/explore/locations/310987972/rolls-royce-singapore-pte-ltd/
johnson-johnson,https://www.instagram.com/explore/locations/412953299287403/johnson-johnson/
sh-soon-huat-autoserv-pte-ltd,https://www.instagram.com/explore/locations/1021853134563142/sh-soon-huat-autoserv-pte-ltd/
playground-imm,https://www.instagram.com/explore/locations/1755601/playground-imm/
ng-teng-fong-tower-c-jsec,https://www.instagram.com/explore/locations/238020596895902/ng-teng-fong-tower-c-jsec/
apro-training-centre,https://www.instagram.com/explore/locations/870503240/apro-training-centre/
inspectorate-a-bureau-veritas-group-company,https://www.instagram.com/explore/locations/491883507/inspectorate-a-bureau-veritas-group-company/
the-printing-room,https://www.instagram.com/explore/locations/201660303795178/the-printing-room/
the-clients-place,https://www.instagram.com/explore/locations/206137702787456/the-clients-place/
sushi-express-at-imm,https://www.instagram.com/explore/locations/646516217/sushi-express-at-imm/
excel-cycle-centre-pte-ltd,https://www.instagram.com/explore/locations/1023795106/excel-cycle-centre-pte-ltd/
playboy-asia,https://www.instagram.com/explore/locations/473646906426866/playboy-asia/
pinyi-crab-king,https://www.instagram.com/explore/locations/232406420503816/pinyi-crab-king/
bedford-street-studios,https://www.instagram.com/explore/locations/354384910597/bedford-street-studios/
street-hongkong-cafe-at-imm-mall,https://www.instagram.com/explore/locations/301023306/street-hongkong-cafe-at-imm-mall/
ichiban-boshi-restaurant-imm,https://www.instagram.com/explore/locations/246139900/ichiban-boshi-restaurant-imm/
house-of-kueh-sg,https://www.instagram.com/explore/locations/102753304790141/house-of-kueh-sg/
penang-place-restaurant,https://www.instagram.com/explore/locations/763645606/penang-place-restaurant/
benjamin-barker,https://www.instagram.com/explore/locations/374493363381278/benjamin-barker/
halcon-primo-logistics-no6-toh-guan-road-east,https://www.instagram.com/explore/locations/833112676/halcon-primo-logistics-no6-toh-guan-road-east/
rodalink-tradehub-21,https://www.instagram.com/explore/locations/268703050/rodalink-tradehub-21/
bath-body-works-asia-australia,https://www.instagram.com/explore/locations/100597781435900/bath-body-works-asia-australia/
st-james-church-kindergarden,https://www.instagram.com/explore/locations/1024859441/st-james-church-kindergarden/
madwerkz-car-wash-detailing,https://www.instagram.com/explore/locations/101071861958696/madwerkz-car-wash-detailing/
xian-ding-wei-taiwanese-express,https://www.instagram.com/explore/locations/246963644/xian-ding-wei-taiwanese-express/
aviary-at-chervon,https://www.instagram.com/explore/locations/530181798/aviary-at-chervon/
keppel-housing-pte-ltd,https://www.instagram.com/explore/locations/207119365969329/keppel-housing-pte-ltd/
ng-teng-fong-general-hospital-ward-9,https://www.instagram.com/explore/locations/1031744401/ng-teng-fong-general-hospital-ward-9/
jurong-east-intercharge-mrt,https://www.instagram.com/explore/locations/235926451/jurong-east-intercharge-mrt/
sketchers-outlet,https://www.instagram.com/explore/locations/298126917675679/sketchers-outlet/
jampack-studio,https://www.instagram.com/explore/locations/105687048788491/jampack-studio/
acg_performance,https://www.instagram.com/explore/locations/112566693470772/acg_performance/
ng-teng-fong-hospital-ae,https://www.instagram.com/explore/locations/1021753653/ng-teng-fong-hospital-ae/
dirt-and-wonder,https://www.instagram.com/explore/locations/111855211585454/dirt-and-wonder/
twelve-cupcakes-at-imm,https://www.instagram.com/explore/locations/236832307/twelve-cupcakes-at-imm/
bali-thai,https://www.instagram.com/explore/locations/1783424495293349/bali-thai/
imm,https://www.instagram.com/explore/locations/105946728024566/imm/
world-scientific-singapore,https://www.instagram.com/explore/locations/952192019/world-scientific-singapore/
partymojo-singapore,https://www.instagram.com/explore/locations/349390661/partymojo-singapore/
llaollao,https://www.instagram.com/explore/locations/106427051210406/llaollao/
lights-and-bathroom-solutions-pte-ltd,https://www.instagram.com/explore/locations/170499583151644/lights-and-bathroom-solutions-pte-ltd/
unique-motorsports,https://www.instagram.com/explore/locations/10126411/unique-motorsports/
lian-peng-bkt,https://www.instagram.com/explore/locations/990466224/lian-peng-bkt/
toh-guan-dormitory,https://www.instagram.com/explore/locations/392183467/toh-guan-dormitory/
ng-teng-fong-general-hospital-ae,https://www.instagram.com/explore/locations/1028151672/ng-teng-fong-general-hospital-ae/
connexity-pte-ltd,https://www.instagram.com/explore/locations/111392570378788/connexity-pte-ltd/
little-snap-productions,https://www.instagram.com/explore/locations/1514573605519230/little-snap-productions/
canserve-auto-repair-pte-ltd,https://www.instagram.com/explore/locations/50494783/canserve-auto-repair-pte-ltd/
smrt-upd-ulu-pandan-depot,https://www.instagram.com/explore/locations/237445602/smrt-upd-ulu-pandan-depot/
solar-gard-singapore,https://www.instagram.com/explore/locations/2018158395173655/solar-gard-singapore/
pontian-noodles,https://www.instagram.com/explore/locations/251953647/pontian-noodles/
giant-supermarket-imm-jurong-east,https://www.instagram.com/explore/locations/501718429/giant-supermarket-imm-jurong-east/
8-studio-productions,https://www.instagram.com/explore/locations/531509898/8-studio-productions/
ulu-pandan-water-reclamation-plant,https://www.instagram.com/explore/locations/350179722/ulu-pandan-water-reclamation-plant/
jcwc-automobile-pte-ltd,https://www.instagram.com/explore/locations/370014809/jcwc-automobile-pte-ltd/
nike-factory-outlet,https://www.instagram.com/explore/locations/1022999181/nike-factory-outlet/
tab-gallery,https://www.instagram.com/explore/locations/922968877784646/tab-gallery/
ng-teng-fong-general-hospital,https://www.instagram.com/explore/locations/430109960717111/ng-teng-fong-general-hospital/
sakae-sushi,https://www.instagram.com/explore/locations/100468262648102/sakae-sushi/
buckingham-palace-london,https://www.instagram.com/explore/locations/271532914/buckingham-palace-london/
dreams-studio,https://www.instagram.com/explore/locations/311488102659413/dreams-studio/
dome-imm,https://www.instagram.com/explore/locations/1024352950/dome-imm/
18tradehub-21-boon-lay-way,https://www.instagram.com/explore/locations/505108990/18tradehub-21-boon-lay-way/
pink-auto-pte-ltd,https://www.instagram.com/explore/locations/105047894619096/pink-auto-pte-ltd/
xtremes-gold-gym,https://www.instagram.com/explore/locations/284736157/xtremes-gold-gym/
streats-hk-cafe,https://www.instagram.com/explore/locations/257526522/streats-hk-cafe/
annette-tuk-tuk-singapore,https://www.instagram.com/explore/locations/154504488504778/annette-tuk-tuk-singapore/
eng-teng-fong-hospital-accident-emergency-department,https://www.instagram.com/explore/locations/1030018527/eng-teng-fong-hospital-accident-emergency-department/
hankook-tyre-singapore,https://www.instagram.com/explore/locations/266816790617140/hankook-tyre-singapore/
milkcow-imm,https://www.instagram.com/explore/locations/1015745901/milkcow-imm/
orange-valley-nursing-homes,https://www.instagram.com/explore/locations/400983810318408/orange-valley-nursing-homes/
77-garage-car-wrap-singapore,https://www.instagram.com/explore/locations/101586992245954/77-garage-car-wrap-singapore/
dots-ntots-interior-design,https://www.instagram.com/explore/locations/278400142/dots-ntots-interior-design/
hong-fong-interior,https://www.instagram.com/explore/locations/605753203268570/hong-fong-interior/
ibp,https://www.instagram.com/explore/locations/34862962/ibp/
tyco-fire-security-services,https://www.instagram.com/explore/locations/361098852/tyco-fire-security-services/
happy-birthday-my-friend-god-bless-you-alwaysenjoy,https://www.instagram.com/explore/locations/653228680/happy-birthday-my-friend-god-bless-you-alwaysenjoy/
yew-tee-feng-zhen-lor-mee,https://www.instagram.com/explore/locations/102651364977717/yew-tee-feng-zhen-lor-mee/
3b-toh-guan-road-east,https://www.instagram.com/explore/locations/585668047/3b-toh-guan-road-east/
hei-sushi,https://www.instagram.com/explore/locations/263192507721584/hei-sushi/
eng-teng-fong-hospital-tower-b,https://www.instagram.com/explore/locations/150215098726202/eng-teng-fong-hospital-tower-b/
nailz-haus,https://www.instagram.com/explore/locations/822030294820774/nailz-haus/
secret-recipeimm,https://www.instagram.com/explore/locations/1305417/secret-recipeimm/
maplebear-jurong-east,https://www.instagram.com/explore/locations/101785731361821/maplebear-jurong-east/
bober-tea-imm,https://www.instagram.com/explore/locations/100305495383783/bober-tea-imm/
first-hong-kong-cafe,https://www.instagram.com/explore/locations/8617978/first-hong-kong-cafe/
ontap-craft-bistro,https://www.instagram.com/explore/locations/1210559502382544/ontap-craft-bistro/
crocs-outlet,https://www.instagram.com/explore/locations/239362813401517/crocs-outlet/
twokitz,https://www.instagram.com/explore/locations/253965814755899/twokitz/
pie,https://www.instagram.com/explore/locations/287768353/pie/
ng-teng-fong-general-hospital-ae,https://www.instagram.com/explore/locations/1027906094/ng-teng-fong-general-hospital-ae/
paravakkottai-tamil-nadu,https://www.instagram.com/explore/locations/398581540197861/paravakkottai-tamil-nadu/
js-garage-pte-ltd,https://www.instagram.com/explore/locations/227502080/js-garage-pte-ltd/
huang-ting,https://www.instagram.com/explore/locations/1028503731/huang-ting/
dunstan-vintner-singapore,https://www.instagram.com/explore/locations/113571683671533/dunstan-vintner-singapore/
saap-saap-thai,https://www.instagram.com/explore/locations/304790773295506/saap-saap-thai/
ibiz-centre,https://www.instagram.com/explore/locations/195781073931967/ibiz-centre/
imm-jurong-east,https://www.instagram.com/explore/locations/258463138/imm-jurong-east/
outdoor-playground-imm,https://www.instagram.com/explore/locations/268713201/outdoor-playground-imm/
imm,https://www.instagram.com/explore/locations/780842392/imm/
mtm-performance-garage,https://www.instagram.com/explore/locations/108741167746874/mtm-performance-garage/
seh-ong-charity-kyban-congsee,https://www.instagram.com/explore/locations/266034254252576/seh-ong-charity-kyban-congsee/
daiso-at-imm,https://www.instagram.com/explore/locations/1021359415/daiso-at-imm/
10-toh-guan-road,https://www.instagram.com/explore/locations/648047457/10-toh-guan-road/
xclusive-home-toh-guan,https://www.instagram.com/explore/locations/1023659542/xclusive-home-toh-guan/
biocare-global-pte-ltd,https://www.instagram.com/explore/locations/2264097053673457/biocare-global-pte-ltd/
ethoz-group,https://www.instagram.com/explore/locations/1035047129/ethoz-group/
hoshi-japanese-restaurant,https://www.instagram.com/explore/locations/234686049/hoshi-japanese-restaurant/
xian-ding-wei-taiwanese-xpress,https://www.instagram.com/explore/locations/5087780/xian-ding-wei-taiwanese-xpress/
one-commonwealth,https://www.instagram.com/explore/locations/641373316/one-commonwealth/
ambient-lounge-singapore,https://www.instagram.com/explore/locations/246296547717/ambient-lounge-singapore/
the-coffee-bean-at-imm,https://www.instagram.com/explore/locations/1021002574/the-coffee-bean-at-imm/
eat-imm,https://www.instagram.com/explore/locations/1904544/eat-imm/
mcgraw-hill-asia,https://www.instagram.com/explore/locations/31946066/mcgraw-hill-asia/
108-middle-rd,https://www.instagram.com/explore/locations/172860676519063/108-middle-rd/
seven-avenue,https://www.instagram.com/explore/locations/1018154476/seven-avenue/
facebook-singapore-data-center,https://www.instagram.com/explore/locations/1935989819957739/facebook-singapore-data-center/
inine-automotive,https://www.instagram.com/explore/locations/103940258342163/inine-automotive/
royal-motor-grandeur-pte-ltd,https://www.instagram.com/explore/locations/105008567627196/royal-motor-grandeur-pte-ltd/
klar-details-singapore,https://www.instagram.com/explore/locations/523618814431793/klar-details-singapore/
wendy-logistics-pte-ltd,https://www.instagram.com/explore/locations/107914567748712/wendy-logistics-pte-ltd/
fivetyeight,https://www.instagram.com/explore/locations/575200852628834/fivetyeight/
wecga-plaza,https://www.instagram.com/explore/locations/286049340/wecga-plaza/
cotton-on-kids-imm,https://www.instagram.com/explore/locations/353590990/cotton-on-kids-imm/
bawah-block,https://www.instagram.com/explore/locations/316037767/bawah-block/
tradehub21,https://www.instagram.com/explore/locations/110503357890384/tradehub21/
giant-singapore,https://www.instagram.com/explore/locations/107241728424963/giant-singapore/
ritz-apple-strudel-pastry,https://www.instagram.com/explore/locations/174251246813098/ritz-apple-strudel-pastry/
my-briyani-house-at-imm,https://www.instagram.com/explore/locations/1024131726/my-briyani-house-at-imm/
streats-hong-kong-cafe,https://www.instagram.com/explore/locations/876804807/streats-hong-kong-cafe/
julong-east,https://www.instagram.com/explore/locations/1005251338/julong-east/
mookata-at-bukit-batok,https://www.instagram.com/explore/locations/452240421/mookata-at-bukit-batok/
winter-time,https://www.instagram.com/explore/locations/50573166/winter-time/
six-innovation-hub,https://www.instagram.com/explore/locations/2028634350698663/six-innovation-hub/
ipoh-lou-yau-bean-sprouts-chicken,https://www.instagram.com/explore/locations/389844475204262/ipoh-lou-yau-bean-sprouts-chicken/
ride-now-car-rental-singapore,https://www.instagram.com/explore/locations/369495636721313/ride-now-car-rental-singapore/
marina-square,https://www.instagram.com/explore/locations/357016976/marina-square/
cj-korea-express-building,https://www.instagram.com/explore/locations/517140335/cj-korea-express-building/
inspire-id-studio,https://www.instagram.com/explore/locations/1191799804251252/inspire-id-studio/
18-boon-lay-way-tradehub-21,https://www.instagram.com/explore/locations/682000425/18-boon-lay-way-tradehub-21/
yummy-yummy-cafe-the-strategy,https://www.instagram.com/explore/locations/251832016/yummy-yummy-cafe-the-strategy/
ipoh-lou-yau-bean-sprouts-chicken,https://www.instagram.com/explore/locations/291397647/ipoh-lou-yau-bean-sprouts-chicken/
pepperlunch-gem,https://www.instagram.com/explore/locations/346078192/pepperlunch-gem/
doctor,https://www.instagram.com/explore/locations/360954237282872/doctor/
goody-feed,https://www.instagram.com/explore/locations/1460114364294601/goody-feed/
seh-ong-charity-kyban-congsee,https://www.instagram.com/explore/locations/702400450/seh-ong-charity-kyban-congsee/
pedro,https://www.instagram.com/explore/locations/156725331580284/pedro/
pulau-perhentian,https://www.instagram.com/explore/locations/104554256367355/pulau-perhentian/
o-bar-tradehub-21,https://www.instagram.com/explore/locations/268189792/o-bar-tradehub-21/
malay-cementry-pusara-aman,https://www.instagram.com/explore/locations/702468515/malay-cementry-pusara-aman/
secret-base,https://www.instagram.com/explore/locations/1028787711/secret-base/
jean-yip-hairdressing-imm,https://www.instagram.com/explore/locations/477286557/jean-yip-hairdressing-imm/
toh-guan,https://www.instagram.com/explore/locations/2162967420490891/toh-guan/
seoul-garden-hotpot-imm-bldg,https://www.instagram.com/explore/locations/251953236/seoul-garden-hotpot-imm-bldg/
sushi-express-imm,https://www.instagram.com/explore/locations/1698157373542853/sushi-express-imm/
carpenters,https://www.instagram.com/explore/locations/315091672601309/carpenters/
gt-autostyling,https://www.instagram.com/explore/locations/1032495478/gt-autostyling/
giant-super-savers-club,https://www.instagram.com/explore/locations/1394908633952059/giant-super-savers-club/
adidas-outlet,https://www.instagram.com/explore/locations/338228206925008/adidas-outlet/
no-3-toh-tuck-link,https://www.instagram.com/explore/locations/7216564/no-3-toh-tuck-link/
my-workdesk,https://www.instagram.com/explore/locations/1463382280346265/my-workdesk/
advant-auto-garage,https://www.instagram.com/explore/locations/1023587391/advant-auto-garage/
pandan-river-park-connector,https://www.instagram.com/explore/locations/575539886/pandan-river-park-connector/
motorflex-leasing-pte-ltd,https://www.instagram.com/explore/locations/102546782630220/motorflex-leasing-pte-ltd/
isetan-the-garden-midvalley-mega-mall,https://www.instagram.com/explore/locations/390051344/isetan-the-garden-midvalley-mega-mall/
auto-pit,https://www.instagram.com/explore/locations/14917698/auto-pit/
bowland-cafe,https://www.instagram.com/explore/locations/472558992/bowland-cafe/
sony-singapore,https://www.instagram.com/explore/locations/1458766970840161/sony-singapore/
screenbox-pte-ltd,https://www.instagram.com/explore/locations/821355999/screenbox-pte-ltd/
motomall,https://www.instagram.com/explore/locations/545279852339452/motomall/
orhsome,https://www.instagram.com/explore/locations/132994800772079/orhsome/
potluck,https://www.instagram.com/explore/locations/213720984/potluck/
imm-jurong-est-singapore,https://www.instagram.com/explore/locations/293877473/imm-jurong-est-singapore/
suzanni-beaute,https://www.instagram.com/explore/locations/732554420123170/suzanni-beaute/
studio-west-bukit-batok-group-fitness,https://www.instagram.com/explore/locations/100197431345404/studio-west-bukit-batok-group-fitness/
popular-holding-limited,https://www.instagram.com/explore/locations/218498572/popular-holding-limited/
autoclinic-parts-distribution,https://www.instagram.com/explore/locations/10782958/autoclinic-parts-distribution/
wines-online,https://www.instagram.com/explore/locations/182014395167446/wines-online/
streets-cafe-imm,https://www.instagram.com/explore/locations/472450993/streets-cafe-imm/
coach-factory-outlet-imm,https://www.instagram.com/explore/locations/271648772/coach-factory-outlet-imm/
roselodge-florist-training-centre,https://www.instagram.com/explore/locations/1021485234/roselodge-florist-training-centre/
abenteuer-motor-works-pte-ltd,https://www.instagram.com/explore/locations/1014364102/abenteuer-motor-works-pte-ltd/
riang-ria,https://www.instagram.com/explore/locations/743239248/riang-ria/
5a-toh-guan-road-east,https://www.instagram.com/explore/locations/4793588/5a-toh-guan-road-east/
best-denki-imm,https://www.instagram.com/explore/locations/275635786/best-denki-imm/
30-boon-lay-way,https://www.instagram.com/explore/locations/493732111/30-boon-lay-way/
saboten-japanese-cutlet-at-imm,https://www.instagram.com/explore/locations/291255511/saboten-japanese-cutlet-at-imm/
ng-teng-fong-hospital-accident-emergency,https://www.instagram.com/explore/locations/1980126168866346/ng-teng-fong-hospital-accident-emergency/
coach-outlet-imm,https://www.instagram.com/explore/locations/245014050/coach-outlet-imm/
1a-international-business-park,https://www.instagram.com/explore/locations/1600895/1a-international-business-park/
old-toh-tuck-road,https://www.instagram.com/explore/locations/739483/old-toh-tuck-road/
west-light-dormitorytoh-guan,https://www.instagram.com/explore/locations/133409960117385/west-light-dormitorytoh-guan/
spacious-planners,https://www.instagram.com/explore/locations/1014121004/spacious-planners/
scoopys-cream,https://www.instagram.com/explore/locations/180034358046/scoopys-cream/
bernard-cassiere-singapore,https://www.instagram.com/explore/locations/763075510496005/bernard-cassiere-singapore/
ng-teng-fong-general-hospital-ward12,https://www.instagram.com/explore/locations/1031028683/ng-teng-fong-general-hospital-ward12/
menlo-worldwide-logistics,https://www.instagram.com/explore/locations/1361432/menlo-worldwide-logistics/
30-toh-guan-rd,https://www.instagram.com/explore/locations/861639032/30-toh-guan-rd/
qmt-industrial-safety-pte-ltd,https://www.instagram.com/explore/locations/299704499/qmt-industrial-safety-pte-ltd/
sanan-macanan-jogorogo-ngawi,https://www.instagram.com/explore/locations/1021104008/sanan-macanan-jogorogo-ngawi/
duke-bakery,https://www.instagram.com/explore/locations/2159959627552764/duke-bakery/
where-elsework-work-work,https://www.instagram.com/explore/locations/749047401/where-elsework-work-work/
daessiksin-korea-bbq-imm,https://www.instagram.com/explore/locations/635060446680267/daessiksin-korea-bbq-imm/
etiquette-image-international,https://www.instagram.com/explore/locations/662708597400113/etiquette-image-international/
exqsite-interior-design-pte-ltd,https://www.instagram.com/explore/locations/1069711393166270/exqsite-interior-design-pte-ltd/
sembawang-white-beehoon,https://www.instagram.com/explore/locations/233973067361556/sembawang-white-beehoon/
5b-toh-guan-road-east-ids-logistics,https://www.instagram.com/explore/locations/102510456499900/5b-toh-guan-road-east-ids-logistics/
perfect-place-to-bake-cake,https://www.instagram.com/explore/locations/174660079261902/perfect-place-to-bake-cake/
orange-valley-nursing-homes-the-strategy,https://www.instagram.com/explore/locations/942078559208677/orange-valley-nursing-homes-the-strategy/
riway-international-hq,https://www.instagram.com/explore/locations/532399343891296/riway-international-hq/
duke-bakery-imm,https://www.instagram.com/explore/locations/1627667107342007/duke-bakery-imm/
epoint-systems-pte-ltd-singapore,https://www.instagram.com/explore/locations/542159919/epoint-systems-pte-ltd-singapore/
coffee-bean-imm,https://www.instagram.com/explore/locations/307431539715305/coffee-bean-imm/
ames-united-pte-ltd,https://www.instagram.com/explore/locations/171828623/ames-united-pte-ltd/
jnk-workshop-llp,https://www.instagram.com/explore/locations/101411555027617/jnk-workshop-llp/
ilham-childcare-tradehub-21,https://www.instagram.com/explore/locations/304011293266679/ilham-childcare-tradehub-21/
sgmohan-cherry,https://www.instagram.com/explore/locations/966446640062357/sgmohan-cherry/
mr-briyani-house,https://www.instagram.com/explore/locations/673153508/mr-briyani-house/
m1-shop-imm,https://www.instagram.com/explore/locations/406610362/m1-shop-imm/
imm-jurong-megamall-singapore,https://www.instagram.com/explore/locations/527709345/imm-jurong-megamall-singapore/
hairtitude-salon,https://www.instagram.com/explore/locations/252622961/hairtitude-salon/
commune-home,https://www.instagram.com/explore/locations/136024120357757/commune-home/
extra-space-asia-self-storage,https://www.instagram.com/explore/locations/1875566979358092/extra-space-asia-self-storage/
safari-house-preschool,https://www.instagram.com/explore/locations/341686099713823/safari-house-preschool/
enterprise-centre,https://www.instagram.com/explore/locations/649558328395299/enterprise-centre/
imm,https://www.instagram.com/explore/locations/106607304945196/imm/
somersetskate-park,https://www.instagram.com/explore/locations/322103031/somersetskate-park/
fides-store,https://www.instagram.com/explore/locations/110307893896495/fides-store/
qxpress,https://www.instagram.com/explore/locations/1461823527221266/qxpress/
20-bukit-batok-crescent,https://www.instagram.com/explore/locations/1021618742/20-bukit-batok-crescent/
imm,https://www.instagram.com/explore/locations/112300076137003/imm/
jarmay-enterprises-pte-ltd,https://www.instagram.com/explore/locations/118174159581440/jarmay-enterprises-pte-ltd/
toh-tuck-link,https://www.instagram.com/explore/locations/376609309/toh-tuck-link/
saap-saap-thai,https://www.instagram.com/explore/locations/517147315297039/saap-saap-thai/
reve-systems,https://www.instagram.com/explore/locations/170768580996/reve-systems/
floral-spell,https://www.instagram.com/explore/locations/326879734770515/floral-spell/
alpha-industrial-building,https://www.instagram.com/explore/locations/3711812/alpha-industrial-building/
c-mar-asia-pte-ltd,https://www.instagram.com/explore/locations/254508036/c-mar-asia-pte-ltd/
the-detail-studio-singapore,https://www.instagram.com/explore/locations/106576951669819/the-detail-studio-singapore/
haidilaohotpot,https://www.instagram.com/explore/locations/759429322/haidilaohotpot/
daisoimm-jurong-east,https://www.instagram.com/explore/locations/273262355/daisoimm-jurong-east/
furniture-mall-jurong-east,https://www.instagram.com/explore/locations/295667879/furniture-mall-jurong-east/
the-furniture-mall,https://www.instagram.com/explore/locations/968137843372813/the-furniture-mall/
dreams-motorworks,https://www.instagram.com/explore/locations/112626778446999/dreams-motorworks/
the-vibe-space-singapore,https://www.instagram.com/explore/locations/101698471421057/the-vibe-space-singapore/
20-bukit-batok-cres,https://www.instagram.com/explore/locations/393339434573076/20-bukit-batok-cres/
interior-times-singapore,https://www.instagram.com/explore/locations/137838241010030/interior-times-singapore/
hai-di-lao,https://www.instagram.com/explore/locations/758887602/hai-di-lao/
victorias-secret,https://www.instagram.com/explore/locations/110681798073769/victorias-secret/
-yi-shi-yuan-singapore,https://www.instagram.com/explore/locations/361997037236405/-yi-shi-yuan-singapore/
compost-bin,https://www.instagram.com/explore/locations/383907045756649/compost-bin/
adidas-outlet-imm,https://www.instagram.com/explore/locations/444523229/adidas-outlet-imm/
gpg-printing-pte-ltd,https://www.instagram.com/explore/locations/188955385105903/gpg-printing-pte-ltd/
new-balance-factory-outlet,https://www.instagram.com/explore/locations/346002462838434/new-balance-factory-outlet/
ng-teng-fong-hospital-emergency-department,https://www.instagram.com/explore/locations/859563994200620/ng-teng-fong-hospital-emergency-department/
phoon-huat-at-star-vista,https://www.instagram.com/explore/locations/108309340739520/phoon-huat-at-star-vista/
eat,https://www.instagram.com/explore/locations/112023510647054/eat/
dono-bar-bistro-cafe,https://www.instagram.com/explore/locations/469412199912399/dono-bar-bistro-cafe/
mol-singapore-pte-ltd,https://www.instagram.com/explore/locations/525279779/mol-singapore-pte-ltd/
101-dalmatian,https://www.instagram.com/explore/locations/134681463278359/101-dalmatian/
water-playground-imm,https://www.instagram.com/explore/locations/360271336/water-playground-imm/
empire-works-one-stop-renovation-contractor-singapore,https://www.instagram.com/explore/locations/161429227870997/empire-works-one-stop-renovation-contractor-singapore/
521-bukit-batok-street-23,https://www.instagram.com/explore/locations/315704834/521-bukit-batok-street-23/
sungei-buloh,https://www.instagram.com/explore/locations/362353317/sungei-buloh/
egg-berries-at-westgate,https://www.instagram.com/explore/locations/313793421/egg-berries-at-westgate/
ng-teng-fong-general-hospital-tower-b-ward-16,https://www.instagram.com/explore/locations/1102011399838081/ng-teng-fong-general-hospital-tower-b-ward-16/
ya-kun-kaya-toast-at-imm,https://www.instagram.com/explore/locations/238612940/ya-kun-kaya-toast-at-imm/
wow-experience,https://www.instagram.com/explore/locations/420195042/wow-experience/
smile-auto-pte-ltd,https://www.instagram.com/explore/locations/2065731190384781/smile-auto-pte-ltd/
tsuru-koshi-imm,https://www.instagram.com/explore/locations/263939532/tsuru-koshi-imm/
wan-chai-hong-kong-cafe-imm,https://www.instagram.com/explore/locations/404822584/wan-chai-hong-kong-cafe-imm/
ulu-ulu-place,https://www.instagram.com/explore/locations/1030336697/ulu-ulu-place/
the-strategy,https://www.instagram.com/explore/locations/178126963106584/the-strategy/
tolaram,https://www.instagram.com/explore/locations/199159826770187/tolaram/
id-factory,https://www.instagram.com/explore/locations/104443707618851/id-factory/
keppel-fels-50-gul-road-singapore,https://www.instagram.com/explore/locations/476756511/keppel-fels-50-gul-road-singapore/
fila-imm,https://www.instagram.com/explore/locations/107591790613748/fila-imm/
5-old-toh-tuck-road,https://www.instagram.com/explore/locations/451850560/5-old-toh-tuck-road/
saf-emart-the-chevrons,https://www.instagram.com/explore/locations/277304709/saf-emart-the-chevrons/
kopitiam-imm,https://www.instagram.com/explore/locations/282876927/kopitiam-imm/
fool,https://www.instagram.com/explore/locations/1015678066/fool/
wan-zai-hk-cafe,https://www.instagram.com/explore/locations/320823250/wan-zai-hk-cafe/
living-gaia-interior,https://www.instagram.com/explore/locations/463637545/living-gaia-interior/
tolaram-1a-international-business-park,https://www.instagram.com/explore/locations/278558093/tolaram-1a-international-business-park/
dynasty-motor-pte-ltd,https://www.instagram.com/explore/locations/134688537/dynasty-motor-pte-ltd/
honey-land-intl,https://www.instagram.com/explore/locations/1796585200565625/honey-land-intl/
long-beach-at-imm,https://www.instagram.com/explore/locations/242930649541727/long-beach-at-imm/
popeyeimm,https://www.instagram.com/explore/locations/298053300312100/popeyeimm/
hometown,https://www.instagram.com/explore/locations/900956658/hometown/
daiso-imm,https://www.instagram.com/explore/locations/177865639415814/daiso-imm/
the-drinking-partners,https://www.instagram.com/explore/locations/918332358/the-drinking-partners/
jems,https://www.instagram.com/explore/locations/247119377/jems/
longbeach-imm,https://www.instagram.com/explore/locations/227729565/longbeach-imm/
tommy-hilfiger-outlet,https://www.instagram.com/explore/locations/103092147986918/tommy-hilfiger-outlet/
the-alchemists-design,https://www.instagram.com/explore/locations/543314336093922/the-alchemists-design/
sacoor-outlet,https://www.instagram.com/explore/locations/259830782/sacoor-outlet/
u-gateway-asia,https://www.instagram.com/explore/locations/225689490/u-gateway-asia/
in-my-office,https://www.instagram.com/explore/locations/123177517784321/in-my-office/
bali-thai-imm,https://www.instagram.com/explore/locations/1559690124049879/bali-thai-imm/
oppa-gangnam-styletm,https://www.instagram.com/explore/locations/282885870/oppa-gangnam-styletm/
vp-kingdom,https://www.instagram.com/explore/locations/1781554955420882/vp-kingdom/
snap,https://www.instagram.com/explore/locations/259048524936890/snap/
skillmaster-training-centre-pte-ltd,https://www.instagram.com/explore/locations/358530244170431/skillmaster-training-centre-pte-ltd/
imm-bali-thai,https://www.instagram.com/explore/locations/393514207832503/imm-bali-thai/
shihlin-taiwan-street-snacks,https://www.instagram.com/explore/locations/1187162494653206/shihlin-taiwan-street-snacks/
rockstar-interior-design-sg,https://www.instagram.com/explore/locations/2072865029674288/rockstar-interior-design-sg/
tradehub-21-boonlay-way,https://www.instagram.com/explore/locations/274543594/tradehub-21-boonlay-way/
evonik,https://www.instagram.com/explore/locations/770342838/evonik/
jolly-bee,https://www.instagram.com/explore/locations/1815727945412796/jolly-bee/
taiwan-wei-at-imm,https://www.instagram.com/explore/locations/907428351/taiwan-wei-at-imm/
winter-time,https://www.instagram.com/explore/locations/305431576922470/winter-time/
bail-thai,https://www.instagram.com/explore/locations/205612359476575/bail-thai/
whimsy-arcade,https://www.instagram.com/explore/locations/321273908659489/whimsy-arcade/
daiso,https://www.instagram.com/explore/locations/337368693505677/daiso/
tots-n-toys-education-group,https://www.instagram.com/explore/locations/933194306/tots-n-toys-education-group/
toh-tuck-ave,https://www.instagram.com/explore/locations/426045490/toh-tuck-ave/
wash-pit,https://www.instagram.com/explore/locations/106636645212716/wash-pit/
revolution-bike,https://www.instagram.com/explore/locations/640535973226586/revolution-bike/
ya-kun-kaya-toast-imm,https://www.instagram.com/explore/locations/287104529/ya-kun-kaya-toast-imm/
premier-football-outlet-imm,https://www.instagram.com/explore/locations/309426335/premier-football-outlet-imm/
autohaven-singapore,https://www.instagram.com/explore/locations/100183118116228/autohaven-singapore/
westgate-brotzeit,https://www.instagram.com/explore/locations/1022219212/westgate-brotzeit/
xian-ding-wei-imm,https://www.instagram.com/explore/locations/326499632/xian-ding-wei-imm/
kwong-satay,https://www.instagram.com/explore/locations/1023986091/kwong-satay/
azora-curtainstudiolighting-pte-ltd-tradehub-21-boon-lay-way,https://www.instagram.com/explore/locations/253591601/azora-curtainstudiolighting-pte-ltd-tradehub-21-boon-lay-way/
imm,https://www.instagram.com/explore/locations/266499619/imm/
super-chef-restaurant,https://www.instagram.com/explore/locations/148044505858825/super-chef-restaurant/
cool-n-lite-solar-film-toh-guan-centre,https://www.instagram.com/explore/locations/484873603/cool-n-lite-solar-film-toh-guan-centre/
the-local-workshop-wcega-plaza-05-16,https://www.instagram.com/explore/locations/1784577514887966/the-local-workshop-wcega-plaza-05-16/
tye-soon-limited,https://www.instagram.com/explore/locations/319639023/tye-soon-limited/
mw-singapore-pte-ltd,https://www.instagram.com/explore/locations/601575675/mw-singapore-pte-ltd/
westlite-dormitory-toh-guan,https://www.instagram.com/explore/locations/734025443595686/westlite-dormitory-toh-guan/
thats-innovative-pte-ltd,https://www.instagram.com/explore/locations/139512422/thats-innovative-pte-ltd/
kopi-bar,https://www.instagram.com/explore/locations/120715565206577/kopi-bar/
ym-car-leasing,https://www.instagram.com/explore/locations/328493597/ym-car-leasing/
natura-aquatics,https://www.instagram.com/explore/locations/1007392226069251/natura-aquatics/
12buysg,https://www.instagram.com/explore/locations/405565209525582/12buysg/
the-dress-room,https://www.instagram.com/explore/locations/866539303383524/the-dress-room/
infomedia,https://www.instagram.com/explore/locations/100279531544915/infomedia/
jasmine-b,https://www.instagram.com/explore/locations/237134220312960/jasmine-b/
888-garage-pte-ltd,https://www.instagram.com/explore/locations/486126605126961/888-garage-pte-ltd/
67-performance,https://www.instagram.com/explore/locations/102520609536498/67-performance/
-springhills-impex-and-trading-pte-ltd,https://www.instagram.com/explore/locations/825333830/-springhills-impex-and-trading-pte-ltd/
aaa-racing-pte-ltd,https://www.instagram.com/explore/locations/105601955277131/aaa-racing-pte-ltd/
revol-carz-makeover,https://www.instagram.com/explore/locations/43334265/revol-carz-makeover/
korea-models-agency,https://www.instagram.com/explore/locations/173483400230136/korea-models-agency/
mayer-at-imm,https://www.instagram.com/explore/locations/919096524/mayer-at-imm/
kimly-live-seafood,https://www.instagram.com/explore/locations/194512071097701/kimly-live-seafood/
hafary-at-th21,https://www.instagram.com/explore/locations/597252750/hafary-at-th21/
bali-thai,https://www.instagram.com/explore/locations/100359759217352/bali-thai/
long-beach-imm,https://www.instagram.com/explore/locations/247974047/long-beach-imm/
gold-palm,https://www.instagram.com/explore/locations/1399261093552878/gold-palm/
fu-eating-house-mookata,https://www.instagram.com/explore/locations/1015673763/fu-eating-house-mookata/
car-lingual,https://www.instagram.com/explore/locations/392071157499465/car-lingual/
imaginator-studios,https://www.instagram.com/explore/locations/1588009291210243/imaginator-studios/
haozhangji,https://www.instagram.com/explore/locations/2115171285427435/haozhangji/
shu-jiang-grilled-fish-at-imm-building,https://www.instagram.com/explore/locations/1023166523/shu-jiang-grilled-fish-at-imm-building/
imm,https://www.instagram.com/explore/locations/800978355/imm/
ah-may-cafe,https://www.instagram.com/explore/locations/301064762/ah-may-cafe/
cwt-toh-guan,https://www.instagram.com/explore/locations/271377945/cwt-toh-guan/
makan-time,https://www.instagram.com/explore/locations/1019607034/makan-time/
-haidilao-hotpot,https://www.instagram.com/explore/locations/903431311/-haidilao-hotpot/
united-motoring-pte-ltd,https://www.instagram.com/explore/locations/275695882859822/united-motoring-pte-ltd/
rainforest-at-the-chevrons,https://www.instagram.com/explore/locations/292965587/rainforest-at-the-chevrons/
sushmorre-pte-ltd,https://www.instagram.com/explore/locations/137459869685854/sushmorre-pte-ltd/
obar-tradehub-21,https://www.instagram.com/explore/locations/102618173/obar-tradehub-21/
wanchai-milk-teahouse-imm,https://www.instagram.com/explore/locations/248293738626054/wanchai-milk-teahouse-imm/
tt-international-tradepark,https://www.instagram.com/explore/locations/95894907/tt-international-tradepark/
csi-kitchen,https://www.instagram.com/explore/locations/104625421725610/csi-kitchen/
jurong-health,https://www.instagram.com/explore/locations/1032767247/jurong-health/
atos-wellness,https://www.instagram.com/explore/locations/481807735528011/atos-wellness/
curtin-singapore-student-committee,https://www.instagram.com/explore/locations/292251617/curtin-singapore-student-committee/
macdonald-imm,https://www.instagram.com/explore/locations/269840937/macdonald-imm/
good-morning-guys,https://www.instagram.com/explore/locations/952044961478383/good-morning-guys/
marcantile-home-goods,https://www.instagram.com/explore/locations/723627101152625/marcantile-home-goods/
first-curtains,https://www.instagram.com/explore/locations/662168633797005/first-curtains/
henderson-waves,https://www.instagram.com/explore/locations/242608664/henderson-waves/
st-engineering-industrial-group-pte-ltd,https://www.instagram.com/explore/locations/192787814077275/st-engineering-industrial-group-pte-ltd/
little-fresh-meat-seafood-soup,https://www.instagram.com/explore/locations/102641574691333/little-fresh-meat-seafood-soup/
sgdrifters-store-and-track,https://www.instagram.com/explore/locations/791635000/sgdrifters-store-and-track/
sanyo-singapore-pte-ltd-1-toh-tuck-link,https://www.instagram.com/explore/locations/265565838/sanyo-singapore-pte-ltd-1-toh-tuck-link/
imperial-treasure-bakery-westgate,https://www.instagram.com/explore/locations/453292756/imperial-treasure-bakery-westgate/
ng-teng-fong-general-hospital-hdicu-ward-level-4,https://www.instagram.com/explore/locations/1034261473/ng-teng-fong-general-hospital-hdicu-ward-level-4/
smrt-ulu-pandan-depot,https://www.instagram.com/explore/locations/179505696056416/smrt-ulu-pandan-depot/
bak-ohana-nasi-padang,https://www.instagram.com/explore/locations/105009579202331/bak-ohana-nasi-padang/
the-curtain-boutique,https://www.instagram.com/explore/locations/2517469388287832/the-curtain-boutique/
83-design-print-pte-ltd,https://www.instagram.com/explore/locations/142363955859625/83-design-print-pte-ltd/
tradehub-21,https://www.instagram.com/explore/locations/2191446471129805/tradehub-21/
the-strategy,https://www.instagram.com/explore/locations/563018754142359/the-strategy/
rodalink,https://www.instagram.com/explore/locations/5733541/rodalink/
iciban-sushiimm,https://www.instagram.com/explore/locations/413071759/iciban-sushiimm/
hong-kong-egglet,https://www.instagram.com/explore/locations/57896599/hong-kong-egglet/
first-hong-kong-cafe-tradehub-21,https://www.instagram.com/explore/locations/264499537/first-hong-kong-cafe-tradehub-21/
choa-chu-kang-mrt,https://www.instagram.com/explore/locations/278293245534083/choa-chu-kang-mrt/
lovenest,https://www.instagram.com/explore/locations/186882244771952/lovenest/
ocoffee-club-imm,https://www.instagram.com/explore/locations/261628919/ocoffee-club-imm/
the-green-mortician-sg-flameless-pet-cremation,https://www.instagram.com/explore/locations/112555643867954/the-green-mortician-sg-flameless-pet-cremation/
sweatshop-singapore,https://www.instagram.com/explore/locations/411414305/sweatshop-singapore/
shopping-paradise,https://www.instagram.com/explore/locations/565302725/shopping-paradise/
kopitiam-enterprise-centre,https://www.instagram.com/explore/locations/1397891/kopitiam-enterprise-centre/
empire-auto-detailing-singapore,https://www.instagram.com/explore/locations/352640618856968/empire-auto-detailing-singapore/
diverse-media,https://www.instagram.com/explore/locations/898720180/diverse-media/
papalona,https://www.instagram.com/explore/locations/91657616/papalona/
888-garage,https://www.instagram.com/explore/locations/110627127223330/888-garage/
outlet-by-club-21,https://www.instagram.com/explore/locations/258507628179915/outlet-by-club-21/
shining-star-car-wash-singapore,https://www.instagram.com/explore/locations/438542382850825/shining-star-car-wash-singapore/
key-orient-lamitec-pte-ltd,https://www.instagram.com/explore/locations/260704447620360/key-orient-lamitec-pte-ltd/
mums-babes-singapore,https://www.instagram.com/explore/locations/1019212065/mums-babes-singapore/
kci-singapore,https://www.instagram.com/explore/locations/1371632269525390/kci-singapore/
california-wines,https://www.instagram.com/explore/locations/525599070787779/california-wines/
extra-space-asia-self-storage,https://www.instagram.com/explore/locations/1668533573451321/extra-space-asia-self-storage/
honey-way-singapore,https://www.instagram.com/explore/locations/1793735650869814/honey-way-singapore/
east-west-line,https://www.instagram.com/explore/locations/1012489817/east-west-line/
18-boon-lay-way,https://www.instagram.com/explore/locations/1008517424/18-boon-lay-way/
asia-carz-credit,https://www.instagram.com/explore/locations/1753663714877325/asia-carz-credit/
seasonal-salad-bar,https://www.instagram.com/explore/locations/1029797724/seasonal-salad-bar/
wihardja,https://www.instagram.com/explore/locations/901220686/wihardja/
orhsome-studios,https://www.instagram.com/explore/locations/103106122226937/orhsome-studios/
hybrid-automotive-singapore,https://www.instagram.com/explore/locations/223987218302625/hybrid-automotive-singapore/
acer-bldg-ibp-jurong-east-singapore,https://www.instagram.com/explore/locations/273900170/acer-bldg-ibp-jurong-east-singapore/
inspectorate-singapore-pte-ltd,https://www.instagram.com/explore/locations/19200522/inspectorate-singapore-pte-ltd/
kedai-kopi-halal-cafe,https://www.instagram.com/explore/locations/168144357446023/kedai-kopi-halal-cafe/
crocs-imm,https://www.instagram.com/explore/locations/2248012001885561/crocs-imm/
yap-brothers-motorsports-pte-ltd,https://www.instagram.com/explore/locations/1945783252327154/yap-brothers-motorsports-pte-ltd/
metalcool-pte-ltd,https://www.instagram.com/explore/locations/438139379628343/metalcool-pte-ltd/
