cityname,url
atc,https://www.instagram.com/explore/locations/127487853967028/atc/
ubi-techpark,https://www.instagram.com/explore/locations/55530/ubi-techpark/
partipris_foto,https://www.instagram.com/explore/locations/111517250516943/partipris_foto/
in-someones-heart,https://www.instagram.com/explore/locations/605003664/in-someones-heart/
yikeshu-bridal-and-photography-studio,https://www.instagram.com/explore/locations/1025473281/yikeshu-bridal-and-photography-studio/
manjusri-secondary-school,https://www.instagram.com/explore/locations/216251333/manjusri-secondary-school/
thai-seng-fish-soup,https://www.instagram.com/explore/locations/1917415/thai-seng-fish-soup/
imperial-auto-style,https://www.instagram.com/explore/locations/743272659176166/imperial-auto-style/
51-ubi-ave-1paya-ubi-industrial-park,https://www.instagram.com/explore/locations/239231372/51-ubi-ave-1paya-ubi-industrial-park/
bedok-85,https://www.instagram.com/explore/locations/238036795/bedok-85/
kampong-ubi-singapore,https://www.instagram.com/explore/locations/4294477/kampong-ubi-singapore/
co-nut-ink,https://www.instagram.com/explore/locations/228321676/co-nut-ink/
ubi-grove,https://www.instagram.com/explore/locations/414691308953522/ubi-grove/
office-desk,https://www.instagram.com/explore/locations/724825388/office-desk/
osim-hq-singapore,https://www.instagram.com/explore/locations/238678912/osim-hq-singapore/
pie-highway,https://www.instagram.com/explore/locations/246994110/pie-highway/
working-at-office-singapore,https://www.instagram.com/explore/locations/792992650711091/working-at-office-singapore/
hortpark,https://www.instagram.com/explore/locations/224702471446013/hortpark/
room-to-imagine,https://www.instagram.com/explore/locations/910719725775531/room-to-imagine/
studio-2020,https://www.instagram.com/explore/locations/106320554674577/studio-2020/
1-percent,https://www.instagram.com/explore/locations/1045630192297152/1-percent/
muar-johor-malaysia,https://www.instagram.com/explore/locations/237805532/muar-johor-malaysia/
ubi-mrt-station,https://www.instagram.com/explore/locations/239226946769968/ubi-mrt-station/
crispy-roti-prata-at-ubi-ave-1,https://www.instagram.com/explore/locations/676817248/crispy-roti-prata-at-ubi-ave-1/
forest-child,https://www.instagram.com/explore/locations/1028148068/forest-child/
ubi-tech-park,https://www.instagram.com/explore/locations/1031015056/ubi-tech-park/
the-teeser-t-shirt-printing,https://www.instagram.com/explore/locations/171450176390299/the-teeser-t-shirt-printing/
yang-ming-seafood,https://www.instagram.com/explore/locations/106945545231647/yang-ming-seafood/
april-seven-singapore,https://www.instagram.com/explore/locations/145738537362/april-seven-singapore/
world-toilet-organization,https://www.instagram.com/explore/locations/385179578/world-toilet-organization/
lambency-detailing,https://www.instagram.com/explore/locations/1951333501858952/lambency-detailing/
lao-fu-zi-char-kway-teow-old-airport-rd,https://www.instagram.com/explore/locations/379378194/lao-fu-zi-char-kway-teow-old-airport-rd/
our-room,https://www.instagram.com/explore/locations/318858963/our-room/
magicdow-hip-xiong-kee,https://www.instagram.com/explore/locations/1393199060936153/magicdow-hip-xiong-kee/
4forwheel,https://www.instagram.com/explore/locations/100280825964152/4forwheel/
manjusri-secondary-school,https://www.instagram.com/explore/locations/836772/manjusri-secondary-school/
bless-brothers,https://www.instagram.com/explore/locations/381239826051502/bless-brothers/
jaime-la-mode,https://www.instagram.com/explore/locations/935393777/jaime-la-mode/
the-pets-couture,https://www.instagram.com/explore/locations/311049499034951/the-pets-couture/
image-creative-design-pte-ltd,https://www.instagram.com/explore/locations/419173977/image-creative-design-pte-ltd/
back-to-work,https://www.instagram.com/explore/locations/410798122/back-to-work/
one-percent,https://www.instagram.com/explore/locations/334026797493955/one-percent/
bavarian-marques,https://www.instagram.com/explore/locations/1027230209/bavarian-marques/
l-s-tyres-automotive-pte-ltd,https://www.instagram.com/explore/locations/609802400/l-s-tyres-automotive-pte-ltd/
motovation-accessory-singapore,https://www.instagram.com/explore/locations/716439144/motovation-accessory-singapore/
blk-53-paya-ubi-industrial-park,https://www.instagram.com/explore/locations/255766785348760/blk-53-paya-ubi-industrial-park/
somewhere-on-earth,https://www.instagram.com/explore/locations/236839695/somewhere-on-earth/
aquaholic-gifts-pte-ltd,https://www.instagram.com/explore/locations/280372258782084/aquaholic-gifts-pte-ltd/
blk-3024-ubi-road-3,https://www.instagram.com/explore/locations/246007662/blk-3024-ubi-road-3/
pawsitive-image,https://www.instagram.com/explore/locations/976381106/pawsitive-image/
brighton-youth,https://www.instagram.com/explore/locations/236994676/brighton-youth/
killiney-cbp-ubix,https://www.instagram.com/explore/locations/246129794/killiney-cbp-ubix/
top93-sports-rim,https://www.instagram.com/explore/locations/336258341/top93-sports-rim/
panjang-garage,https://www.instagram.com/explore/locations/1236148553071225/panjang-garage/
mr-lorbak,https://www.instagram.com/explore/locations/1353938364667208/mr-lorbak/
10-ubi-crescent-ubi-techpark-lobby-d,https://www.instagram.com/explore/locations/937446489/10-ubi-crescent-ubi-techpark-lobby-d/
studio-daydream,https://www.instagram.com/explore/locations/333236018/studio-daydream/
tri-king-auto-solutions-pte-ltd,https://www.instagram.com/explore/locations/499444053407935/tri-king-auto-solutions-pte-ltd/
kalang-riversidesingapore,https://www.instagram.com/explore/locations/316768448/kalang-riversidesingapore/
silversky-pet-care,https://www.instagram.com/explore/locations/368335316615287/silversky-pet-care/
cat-nap-3,https://www.instagram.com/explore/locations/254985751230420/cat-nap-3/
zulanoryns,https://www.instagram.com/explore/locations/329551547639117/zulanoryns/
ubi-crescent,https://www.instagram.com/explore/locations/18134209/ubi-crescent/
tomorrow-closet-leather-products,https://www.instagram.com/explore/locations/1826508690979289/tomorrow-closet-leather-products/
thai_garden_mookata,https://www.instagram.com/explore/locations/100306275186214/thai_garden_mookata/
71-ubi-crescent-singapore-408571,https://www.instagram.com/explore/locations/317636293/71-ubi-crescent-singapore-408571/
automotive-atelier,https://www.instagram.com/explore/locations/271349263721531/automotive-atelier/
al-ain-abayas,https://www.instagram.com/explore/locations/341608529650457/al-ain-abayas/
ubi-55,https://www.instagram.com/explore/locations/20558197/ubi-55/
ninetalestea-,https://www.instagram.com/explore/locations/1532820630186494/ninetalestea-/
lavida,https://www.instagram.com/explore/locations/2359156601010146/lavida/
1-ubi-crescent-number-one-building,https://www.instagram.com/explore/locations/549415356/1-ubi-crescent-number-one-building/
homeby8studio,https://www.instagram.com/explore/locations/109895597497394/homeby8studio/
mansa-computers,https://www.instagram.com/explore/locations/113379524522754/mansa-computers/
sapphire-pavilion-siloso-beach-sentosa,https://www.instagram.com/explore/locations/251855805/sapphire-pavilion-siloso-beach-sentosa/
santa-claus-house,https://www.instagram.com/explore/locations/801935666/santa-claus-house/
jovial-floral,https://www.instagram.com/explore/locations/115243660326996/jovial-floral/
ubi-avenue-singapore,https://www.instagram.com/explore/locations/306772879/ubi-avenue-singapore/
piccolo-house-children-interior-boutique,https://www.instagram.com/explore/locations/1271035513021803/piccolo-house-children-interior-boutique/
lido-imax-orchard-road,https://www.instagram.com/explore/locations/269029655/lido-imax-orchard-road/
frozenage,https://www.instagram.com/explore/locations/1021489075/frozenage/
blk-343-ubi-ave-1,https://www.instagram.com/explore/locations/10507894/blk-343-ubi-ave-1/
grace-hospitality-services-pte-ltd,https://www.instagram.com/explore/locations/101395701494521/grace-hospitality-services-pte-ltd/
kopitiam-ubi-techpark-lobby-a,https://www.instagram.com/explore/locations/245419555/kopitiam-ubi-techpark-lobby-a/
immortal-love,https://www.instagram.com/explore/locations/1564845920261066/immortal-love/
yummy,https://www.instagram.com/explore/locations/158929021260914/yummy/
lhj-electrical-engineering,https://www.instagram.com/explore/locations/115757076468783/lhj-electrical-engineering/
amaron-car-batteries-singapore,https://www.instagram.com/explore/locations/278397606119659/amaron-car-batteries-singapore/
busseltonwa,https://www.instagram.com/explore/locations/375589120/busseltonwa/
rtes-racing-technik-exhaust-specialist,https://www.instagram.com/explore/locations/1030162467/rtes-racing-technik-exhaust-specialist/
53-ubi-avenue-1-paya-ubi-industrial-park,https://www.instagram.com/explore/locations/244122922/53-ubi-avenue-1-paya-ubi-industrial-park/
missing-you-3,https://www.instagram.com/explore/locations/778314304/missing-you-3/
wknd-bikefitter,https://www.instagram.com/explore/locations/113737248251711/wknd-bikefitter/
ubi-avenue-1-eunos-singapore,https://www.instagram.com/explore/locations/276567738/ubi-avenue-1-eunos-singapore/
project-finest,https://www.instagram.com/explore/locations/100495884698019/project-finest/
paya-ubi-industrial,https://www.instagram.com/explore/locations/792337123/paya-ubi-industrial/
hola-centre-industrial-building-singapore,https://www.instagram.com/explore/locations/1025783573/hola-centre-industrial-building-singapore/
blk-346-ubi-avenue-1,https://www.instagram.com/explore/locations/266509120/blk-346-ubi-avenue-1/
10-ubi-crescent-ubi-techpark,https://www.instagram.com/explore/locations/284598436/10-ubi-crescent-ubi-techpark/
city-chain-singapore,https://www.instagram.com/explore/locations/153488038344852/city-chain-singapore/
weekend-go-where-singapore,https://www.instagram.com/explore/locations/1027580689/weekend-go-where-singapore/
ubi-350-eating-house,https://www.instagram.com/explore/locations/276772362962999/ubi-350-eating-house/
imagine-by-sk66,https://www.instagram.com/explore/locations/806267394/imagine-by-sk66/
excalibur-centre,https://www.instagram.com/explore/locations/620218621750635/excalibur-centre/
bizlink-centre,https://www.instagram.com/explore/locations/990655/bizlink-centre/
henry-designcentre-pte-ltd,https://www.instagram.com/explore/locations/973757309/henry-designcentre-pte-ltd/
far-east-chicken-rice,https://www.instagram.com/explore/locations/325552024922758/far-east-chicken-rice/
comfort-design-building,https://www.instagram.com/explore/locations/1034726531/comfort-design-building/
excalibur-center-71-ubi-crescent,https://www.instagram.com/explore/locations/527658597305718/excalibur-center-71-ubi-crescent/
dreams-hockey,https://www.instagram.com/explore/locations/1538561879772644/dreams-hockey/
richfield-industrial-centre,https://www.instagram.com/explore/locations/4529904/richfield-industrial-centre/
bath-bomb-flings,https://www.instagram.com/explore/locations/1144284659053147/bath-bomb-flings/
cas-technology,https://www.instagram.com/explore/locations/721375798065194/cas-technology/
blk-344-ubi-ave-1,https://www.instagram.com/explore/locations/260717353/blk-344-ubi-ave-1/
pimpmyridesg,https://www.instagram.com/explore/locations/498799956956853/pimpmyridesg/
block-352-ubi-avenue-1,https://www.instagram.com/explore/locations/77420498/block-352-ubi-avenue-1/
no-61-ubi-point-ubi-road-ave-1,https://www.instagram.com/explore/locations/445437398/no-61-ubi-point-ubi-road-ave-1/
single-so-what,https://www.instagram.com/explore/locations/290619165/single-so-what/
candy-singapore,https://www.instagram.com/explore/locations/590174784512490/candy-singapore/
kampung-ubi-estate,https://www.instagram.com/explore/locations/349580980/kampung-ubi-estate/
binibeca-fashion,https://www.instagram.com/explore/locations/367364970562778/binibeca-fashion/
ubi-studio-of-art,https://www.instagram.com/explore/locations/103453732112631/ubi-studio-of-art/
61-ubi-avenue-1,https://www.instagram.com/explore/locations/363362337595245/61-ubi-avenue-1/
brave-hart-cycles,https://www.instagram.com/explore/locations/101746468730974/brave-hart-cycles/
jingle-delights,https://www.instagram.com/explore/locations/1021840949/jingle-delights/
somewhere-over-the-rainbow,https://www.instagram.com/explore/locations/53569488/somewhere-over-the-rainbow/
horme-hardware,https://www.instagram.com/explore/locations/1017126436/horme-hardware/
blk-350-ubi-avenue-1,https://www.instagram.com/explore/locations/258741153/blk-350-ubi-avenue-1/
bcube-live-sound-and-production,https://www.instagram.com/explore/locations/256243760/bcube-live-sound-and-production/
ice-cream-land,https://www.instagram.com/explore/locations/166666810049242/ice-cream-land/
syurga-hatiku,https://www.instagram.com/explore/locations/636370161/syurga-hatiku/
rainforest-stickers-paradise,https://www.instagram.com/explore/locations/792484224/rainforest-stickers-paradise/
easy-come-easy-go,https://www.instagram.com/explore/locations/1895264990583185/easy-come-easy-go/
siss-eatery,https://www.instagram.com/explore/locations/311654526107791/siss-eatery/
aspial-corporation-limited,https://www.instagram.com/explore/locations/12198551/aspial-corporation-limited/
desmond-pasta,https://www.instagram.com/explore/locations/235082433579656/desmond-pasta/
mr-lorbak,https://www.instagram.com/explore/locations/100945438329269/mr-lorbak/
mjr-cabin,https://www.instagram.com/explore/locations/285404850/mjr-cabin/
et,https://www.instagram.com/explore/locations/980503170/et/
stereoimage-studios,https://www.instagram.com/explore/locations/234716818/stereoimage-studios/
spray-paint-shop-singapore,https://www.instagram.com/explore/locations/743023125856115/spray-paint-shop-singapore/
filmoholic-pictures-pte-ltd,https://www.instagram.com/explore/locations/980116748/filmoholic-pictures-pte-ltd/
paya-ubi-industrial-park,https://www.instagram.com/explore/locations/27479/paya-ubi-industrial-park/
jardine-onesolution,https://www.instagram.com/explore/locations/6536982/jardine-onesolution/
jive-the-studio,https://www.instagram.com/explore/locations/703394397166379/jive-the-studio/
manhattan-fish-market-plaza-singapura,https://www.instagram.com/explore/locations/273174848/manhattan-fish-market-plaza-singapura/
blk-349-ubi-avenue-1,https://www.instagram.com/explore/locations/301850378/blk-349-ubi-avenue-1/
blk-333-ubi-ave-1,https://www.instagram.com/explore/locations/2067690/blk-333-ubi-ave-1/
back-pain-no-more,https://www.instagram.com/explore/locations/1029215855/back-pain-no-more/
changi-hospital,https://www.instagram.com/explore/locations/361945977235287/changi-hospital/
tepi-tembok,https://www.instagram.com/explore/locations/894756037/tepi-tembok/
project-modz-wrap-accessories,https://www.instagram.com/explore/locations/126772207998854/project-modz-wrap-accessories/
338-ubi-avenue-1,https://www.instagram.com/explore/locations/343353975/338-ubi-avenue-1/
zouk,https://www.instagram.com/explore/locations/263978015/zouk/
teamwork-garage-pte-ltd,https://www.instagram.com/explore/locations/962142780/teamwork-garage-pte-ltd/
ubiplex-1,https://www.instagram.com/explore/locations/1411814/ubiplex-1/
artful-deceptions-pte-ltd,https://www.instagram.com/explore/locations/1724111597853454/artful-deceptions-pte-ltd/
arthur-zaaro,https://www.instagram.com/explore/locations/478229381/arthur-zaaro/
art-room-3,https://www.instagram.com/explore/locations/161445700579562/art-room-3/
asia-media-academy,https://www.instagram.com/explore/locations/102284088177399/asia-media-academy/
space-factor,https://www.instagram.com/explore/locations/108243642570675/space-factor/
zhen-feng-object-workshop,https://www.instagram.com/explore/locations/102595887916135/zhen-feng-object-workshop/
the-made-agency,https://www.instagram.com/explore/locations/111539320675140/the-made-agency/
detactical-pte-ltd,https://www.instagram.com/explore/locations/822805968/detactical-pte-ltd/
centrum-billiard-leisure,https://www.instagram.com/explore/locations/1016352112/centrum-billiard-leisure/
ubi-ave-1,https://www.instagram.com/explore/locations/385428/ubi-ave-1/
the-bicycle-wrench,https://www.instagram.com/explore/locations/102904942131321/the-bicycle-wrench/
osim-headquarters,https://www.instagram.com/explore/locations/2185065/osim-headquarters/
finest-detailing-car-grooming,https://www.instagram.com/explore/locations/1119653351481148/finest-detailing-car-grooming/
os-prime-grill,https://www.instagram.com/explore/locations/106835955091441/os-prime-grill/
ideas-people,https://www.instagram.com/explore/locations/309390461/ideas-people/
obs-pulau-ubin,https://www.instagram.com/explore/locations/1020718061/obs-pulau-ubin/
powerplus-group-inc-usa,https://www.instagram.com/explore/locations/903216713/powerplus-group-inc-usa/
ub-point,https://www.instagram.com/explore/locations/385390261/ub-point/
blk-351-ubi-ave-1,https://www.instagram.com/explore/locations/283055018/blk-351-ubi-ave-1/
amm-allure-maven-marketing,https://www.instagram.com/explore/locations/220313471980739/amm-allure-maven-marketing/
elves-lab-pte-ltd-website-design-singapore,https://www.instagram.com/explore/locations/269799086/elves-lab-pte-ltd-website-design-singapore/
deeslitch-pixie-galleria,https://www.instagram.com/explore/locations/316805847/deeslitch-pixie-galleria/
changi-airport-terminal-2-arrival,https://www.instagram.com/explore/locations/248000866/changi-airport-terminal-2-arrival/
classic-auto-leather-pte-ltd,https://www.instagram.com/explore/locations/293761978/classic-auto-leather-pte-ltd/
blk-336-ubi-ave-1,https://www.instagram.com/explore/locations/276510700/blk-336-ubi-ave-1/
asi-autohub,https://www.instagram.com/explore/locations/100948591709963/asi-autohub/
seletar-island,https://www.instagram.com/explore/locations/1027893367/seletar-island/
zenway-productions,https://www.instagram.com/explore/locations/1669735323287091/zenway-productions/
i-just-woke-up-from-sleepcom,https://www.instagram.com/explore/locations/316162395648151/i-just-woke-up-from-sleepcom/
yellow-box-studios-ubi-focus-one,https://www.instagram.com/explore/locations/402945646/yellow-box-studios-ubi-focus-one/
garys-engineering,https://www.instagram.com/explore/locations/1026748979/garys-engineering/
fleur-dsign,https://www.instagram.com/explore/locations/1486085318332229/fleur-dsign/
raffles-intl-floristry-academy-rifa,https://www.instagram.com/explore/locations/39428130/raffles-intl-floristry-academy-rifa/
wine-language,https://www.instagram.com/explore/locations/263902833737187/wine-language/
mr-white,https://www.instagram.com/explore/locations/105148927968165/mr-white/
hado-singapore,https://www.instagram.com/explore/locations/787013594803476/hado-singapore/
ashh,https://www.instagram.com/explore/locations/1620661181327969/ashh/
etalia-autoworkz,https://www.instagram.com/explore/locations/305744366536020/etalia-autoworkz/
omg-solutions,https://www.instagram.com/explore/locations/1021086244/omg-solutions/
kampung-ubi,https://www.instagram.com/explore/locations/245658400/kampung-ubi/
art-lane,https://www.instagram.com/explore/locations/310736225610887/art-lane/
prisma-ai-corporation,https://www.instagram.com/explore/locations/572149406139058/prisma-ai-corporation/
348-ubi-ave-1,https://www.instagram.com/explore/locations/288745299/348-ubi-ave-1/
excalibur-center,https://www.instagram.com/explore/locations/251872543/excalibur-center/
changi-airport-terminal-3,https://www.instagram.com/explore/locations/213531505/changi-airport-terminal-3/
m-label,https://www.instagram.com/explore/locations/108373794863598/m-label/
lifetrons-beaute-singapore,https://www.instagram.com/explore/locations/110503978217492/lifetrons-beaute-singapore/
siss-eatery,https://www.instagram.com/explore/locations/849899484/siss-eatery/
kbe-air-conditioning-engineering-pte-ltd,https://www.instagram.com/explore/locations/660964087258409/kbe-air-conditioning-engineering-pte-ltd/
marina-bay-sands-hotel-tower-3,https://www.instagram.com/explore/locations/565408414/marina-bay-sands-hotel-tower-3/
tandas-3,https://www.instagram.com/explore/locations/161677580569114/tandas-3/
harrods-ltd-109-125-knightsbridgekensington-london-sw1-united-kingdom,https://www.instagram.com/explore/locations/320832273/harrods-ltd-109-125-knightsbridgekensington-london-sw1-united-kingdom/
cherryaffairs-sex-toys-shop-singapore,https://www.instagram.com/explore/locations/347033998717189/cherryaffairs-sex-toys-shop-singapore/
emma-melissa-apparel,https://www.instagram.com/explore/locations/288954065276301/emma-melissa-apparel/
artwoodspace,https://www.instagram.com/explore/locations/474559717/artwoodspace/
byherbs-sg,https://www.instagram.com/explore/locations/1680125688868379/byherbs-sg/
soon-watt-co,https://www.instagram.com/explore/locations/328130470545353/soon-watt-co/
copytron-table-tennis-club,https://www.instagram.com/explore/locations/316173788481622/copytron-table-tennis-club/
mbs,https://www.instagram.com/explore/locations/242979512/mbs/
islamic-casket,https://www.instagram.com/explore/locations/1584917721838959/islamic-casket/
printdudez,https://www.instagram.com/explore/locations/784471158239912/printdudez/
dine-dino,https://www.instagram.com/explore/locations/111905616854933/dine-dino/
ubi-rd-4,https://www.instagram.com/explore/locations/716985622/ubi-rd-4/
namyang-lion-dance-centre-singapore,https://www.instagram.com/explore/locations/524302311378427/namyang-lion-dance-centre-singapore/
bestfriend-island-3,https://www.instagram.com/explore/locations/659365720/bestfriend-island-3/
our-olivka,https://www.instagram.com/explore/locations/104733477621542/our-olivka/
blk-347-ubi-avenue-1,https://www.instagram.com/explore/locations/257719848/blk-347-ubi-avenue-1/
story-of-my-light,https://www.instagram.com/explore/locations/441463382988654/story-of-my-light/
craft-axis,https://www.instagram.com/explore/locations/1641200416097970/craft-axis/
eunos-crescent-blk-22,https://www.instagram.com/explore/locations/405891309/eunos-crescent-blk-22/
greenwich-galaxy,https://www.instagram.com/explore/locations/228174454259771/greenwich-galaxy/
therapies-r-us-yonie-co,https://www.instagram.com/explore/locations/112681240601504/therapies-r-us-yonie-co/
ceysing,https://www.instagram.com/explore/locations/964028010445325/ceysing/
mo-colours,https://www.instagram.com/explore/locations/1989326444678276/mo-colours/
rooftop65,https://www.instagram.com/explore/locations/1350604565014312/rooftop65/
ubi-ave1,https://www.instagram.com/explore/locations/220977209/ubi-ave1/
bing-garden-eating-house,https://www.instagram.com/explore/locations/1000642/bing-garden-eating-house/
mount-olympus-mars,https://www.instagram.com/explore/locations/671990914/mount-olympus-mars/
bcd-autos,https://www.instagram.com/explore/locations/219471247913778/bcd-autos/
tai-thong-crescent,https://www.instagram.com/explore/locations/399633825/tai-thong-crescent/
party-world-ktv,https://www.instagram.com/explore/locations/441775503062711/party-world-ktv/
air-odor-management-aom,https://www.instagram.com/explore/locations/1034295450/air-odor-management-aom/
blk-347-ubi-ave-1,https://www.instagram.com/explore/locations/19559/blk-347-ubi-ave-1/
ubi-techpark-lobby-c,https://www.instagram.com/explore/locations/4906811/ubi-techpark-lobby-c/
focus-one,https://www.instagram.com/explore/locations/581574/focus-one/
dama-enterprise-pte-ltd,https://www.instagram.com/explore/locations/15709641/dama-enterprise-pte-ltd/
touch-community-services,https://www.instagram.com/explore/locations/16094461/touch-community-services/
j-team-productions,https://www.instagram.com/explore/locations/161650963874449/j-team-productions/
dickson-group,https://www.instagram.com/explore/locations/1230594650316152/dickson-group/
trimiy,https://www.instagram.com/explore/locations/193482237790788/trimiy/
blk-348-ubi-ave-1,https://www.instagram.com/explore/locations/892029/blk-348-ubi-ave-1/
10-ubi-techpark,https://www.instagram.com/explore/locations/1185337/10-ubi-techpark/
lerus-training-academy-simulation-centre,https://www.instagram.com/explore/locations/1030806633/lerus-training-academy-simulation-centre/
tinh-yeu-to,https://www.instagram.com/explore/locations/1019047394/tinh-yeu-to/
bc-forged-wheels,https://www.instagram.com/explore/locations/286789224/bc-forged-wheels/
changi-yatch-club,https://www.instagram.com/explore/locations/407778001/changi-yatch-club/
the-king-louis,https://www.instagram.com/explore/locations/718554400/the-king-louis/
tangers,https://www.instagram.com/explore/locations/265043824/tangers/
golden-sands-street-kitchen,https://www.instagram.com/explore/locations/1737554246520773/golden-sands-street-kitchen/
67-ubi-crescent-techniques-centre,https://www.instagram.com/explore/locations/262901973/67-ubi-crescent-techniques-centre/
heritage-baptist-church-singapore,https://www.instagram.com/explore/locations/271705419/heritage-baptist-church-singapore/
dynotechnica-performance-specialists,https://www.instagram.com/explore/locations/990305671080563/dynotechnica-performance-specialists/
302-ubi-ave-1,https://www.instagram.com/explore/locations/114301811983355/302-ubi-ave-1/
donald-tattoo-studio,https://www.instagram.com/explore/locations/329537642/donald-tattoo-studio/
infinite-space,https://www.instagram.com/explore/locations/101625354593791/infinite-space/
57-ubi-centre,https://www.instagram.com/explore/locations/243610723/57-ubi-centre/
warely-corp,https://www.instagram.com/explore/locations/110230944719898/warely-corp/
kovan-cage,https://www.instagram.com/explore/locations/281389452/kovan-cage/
trilogy-integration,https://www.instagram.com/explore/locations/848357798676064/trilogy-integration/
am-skincare,https://www.instagram.com/explore/locations/106297611125022/am-skincare/
eunos-avenue-8,https://www.instagram.com/explore/locations/717962137/eunos-avenue-8/
eunos-cresent-singapore,https://www.instagram.com/explore/locations/334434398/eunos-cresent-singapore/
3023-ubi-road-3-ubiplex1,https://www.instagram.com/explore/locations/281046473/3023-ubi-road-3-ubiplex1/
53-ubi-ave-1-paya-ubi-industrial,https://www.instagram.com/explore/locations/328738042/53-ubi-ave-1-paya-ubi-industrial/
imc-organization-limited,https://www.instagram.com/explore/locations/1018120287/imc-organization-limited/
ubi-350-coffeeshop-he-xing-seafood,https://www.instagram.com/explore/locations/634208099940332/ubi-350-coffeeshop-he-xing-seafood/
trust-motion-car-audio,https://www.instagram.com/explore/locations/907702972/trust-motion-car-audio/
biocomm,https://www.instagram.com/explore/locations/1234015963420495/biocomm/
nytc-international-organization,https://www.instagram.com/explore/locations/111162282272181/nytc-international-organization/
cruise-go-where,https://www.instagram.com/explore/locations/417511448692224/cruise-go-where/
darwin-interior,https://www.instagram.com/explore/locations/109086112459480/darwin-interior/
the-max-pavillion,https://www.instagram.com/explore/locations/591266813/the-max-pavillion/
save-water-drink-wine,https://www.instagram.com/explore/locations/1016997292/save-water-drink-wine/
hola-centre,https://www.instagram.com/explore/locations/19306/hola-centre/
vision-ease-eyewear-boutique,https://www.instagram.com/explore/locations/184557832104721/vision-ease-eyewear-boutique/
ubi-ave-1-block-333-basketball-court,https://www.instagram.com/explore/locations/316887910/ubi-ave-1-block-333-basketball-court/
jj-decal-hub-your-one-stop-sticker-solution,https://www.instagram.com/explore/locations/973412515/jj-decal-hub-your-one-stop-sticker-solution/
57-ubi-ave-1,https://www.instagram.com/explore/locations/243589661/57-ubi-ave-1/
ubi-crescent,https://www.instagram.com/explore/locations/284750095497112/ubi-crescent/
lemontree-media-singapore-pte-ltd,https://www.instagram.com/explore/locations/148693758806933/lemontree-media-singapore-pte-ltd/
cat-house,https://www.instagram.com/explore/locations/149315251809087/cat-house/
v-stop-singapore,https://www.instagram.com/explore/locations/106105614497921/v-stop-singapore/
blk-325-ubi-ave-1-ubi-eating-house,https://www.instagram.com/explore/locations/1119409/blk-325-ubi-ave-1-ubi-eating-house/
bizlink-centre,https://www.instagram.com/explore/locations/290782068478597/bizlink-centre/
mr-lorbak,https://www.instagram.com/explore/locations/131841230704155/mr-lorbak/
ho-lim-jelly-bee,https://www.instagram.com/explore/locations/387129171325737/ho-lim-jelly-bee/
rigorer-singapore,https://www.instagram.com/explore/locations/2180741795471624/rigorer-singapore/
the-fitness-grocer,https://www.instagram.com/explore/locations/432601672/the-fitness-grocer/
ez-decor,https://www.instagram.com/explore/locations/88937466/ez-decor/
dfm-pte-ltd,https://www.instagram.com/explore/locations/675847778/dfm-pte-ltd/
sentosa,https://www.instagram.com/explore/locations/645383059/sentosa/
newasia-swissotel,https://www.instagram.com/explore/locations/529308557/newasia-swissotel/
53-ubi-avenue-1,https://www.instagram.com/explore/locations/27350259/53-ubi-avenue-1/
hai-tan-kao,https://www.instagram.com/explore/locations/105835808777311/hai-tan-kao/
corona-sg,https://www.instagram.com/explore/locations/673563559393748/corona-sg/
foodcity-coffeeshop,https://www.instagram.com/explore/locations/100366015050576/foodcity-coffeeshop/
lyde-bikes,https://www.instagram.com/explore/locations/100992071782920/lyde-bikes/
raffles-marina-yacht,https://www.instagram.com/explore/locations/335045093648236/raffles-marina-yacht/
kramer-electronics-asia-pacific-pte-ltd,https://www.instagram.com/explore/locations/830930465/kramer-electronics-asia-pacific-pte-ltd/
into-e-projects,https://www.instagram.com/explore/locations/1019410650/into-e-projects/
chee-leng-tuan-athletics-association,https://www.instagram.com/explore/locations/1027231378/chee-leng-tuan-athletics-association/
at-masjid,https://www.instagram.com/explore/locations/422760607785432/at-masjid/
extraordinary-studio-singapore,https://www.instagram.com/explore/locations/1755716631192533/extraordinary-studio-singapore/
masjid-sultan-arab-street,https://www.instagram.com/explore/locations/269605280/masjid-sultan-arab-street/
boon-keng-market,https://www.instagram.com/explore/locations/234378606677870/boon-keng-market/
blk-341-ubi-ave-1,https://www.instagram.com/explore/locations/309483852/blk-341-ubi-ave-1/
oxley-bizhub,https://www.instagram.com/explore/locations/199657307144222/oxley-bizhub/
m-technik,https://www.instagram.com/explore/locations/253609493/m-technik/
object-workshop,https://www.instagram.com/explore/locations/1732028407040321/object-workshop/
ubi-ave-1-blk-340,https://www.instagram.com/explore/locations/305264802/ubi-ave-1-blk-340/
black-house,https://www.instagram.com/explore/locations/262713416/black-house/
mb-motors,https://www.instagram.com/explore/locations/217277422/mb-motors/
soleil-crystals,https://www.instagram.com/explore/locations/100462612603842/soleil-crystals/
lau-international-distribution-pte-ltd,https://www.instagram.com/explore/locations/135302586527191/lau-international-distribution-pte-ltd/
pasir-ris-st-51,https://www.instagram.com/explore/locations/488105915/pasir-ris-st-51/
hylab-pte-ltd,https://www.instagram.com/explore/locations/1022981557/hylab-pte-ltd/
aw-aeon-bukit-indah-jb,https://www.instagram.com/explore/locations/492882288/aw-aeon-bukit-indah-jb/
hooooome,https://www.instagram.com/explore/locations/293647052/hooooome/
qs-advertising,https://www.instagram.com/explore/locations/13487819/qs-advertising/
dcpro-sports,https://www.instagram.com/explore/locations/112155100632563/dcpro-sports/
phoenix-singapore,https://www.instagram.com/explore/locations/135100069/phoenix-singapore/
euro-asia-holidays-pte-ltd,https://www.instagram.com/explore/locations/39998095/euro-asia-holidays-pte-ltd/
handy-kids-club,https://www.instagram.com/explore/locations/1809960425924015/handy-kids-club/
senses-ubi-techpark,https://www.instagram.com/explore/locations/9767228/senses-ubi-techpark/
tabernacle-of-christ,https://www.instagram.com/explore/locations/10571176/tabernacle-of-christ/
blush-house-bridal,https://www.instagram.com/explore/locations/400655530709739/blush-house-bridal/
reality,https://www.instagram.com/explore/locations/744972833/reality/
carrington-training-ground-of-manchester,https://www.instagram.com/explore/locations/164052903650593/carrington-training-ground-of-manchester/
27-ubi-road-4,https://www.instagram.com/explore/locations/39254909/27-ubi-road-4/
copan-danish-vintage-furniture,https://www.instagram.com/explore/locations/731027290625051/copan-danish-vintage-furniture/
atas-karpet-terbang,https://www.instagram.com/explore/locations/324711117558317/atas-karpet-terbang/
macdonaldskallang,https://www.instagram.com/explore/locations/257339011/macdonaldskallang/
omus-living,https://www.instagram.com/explore/locations/454994879/omus-living/
pan-island-expressway,https://www.instagram.com/explore/locations/9721229/pan-island-expressway/
344-ubi-ave-1,https://www.instagram.com/explore/locations/138826750063147/344-ubi-ave-1/
hong-kong-disney-land,https://www.instagram.com/explore/locations/245555603/hong-kong-disney-land/
31-productions-pte-ltd,https://www.instagram.com/explore/locations/350351468492663/31-productions-pte-ltd/
2277-brandz-pte-ltd,https://www.instagram.com/explore/locations/41066491/2277-brandz-pte-ltd/
reach-pos-asia,https://www.instagram.com/explore/locations/114926936631162/reach-pos-asia/
top93-pte-ltd,https://www.instagram.com/explore/locations/107954611/top93-pte-ltd/
59-ubi-ave-1,https://www.instagram.com/explore/locations/629754340692537/59-ubi-ave-1/
blk-342-ubi-ave-1,https://www.instagram.com/explore/locations/57324836/blk-342-ubi-ave-1/
bike48-brompton-bicycle-accessories,https://www.instagram.com/explore/locations/1014387437/bike48-brompton-bicycle-accessories/
mu-studio,https://www.instagram.com/explore/locations/1025122977/mu-studio/
63-ubi-avenue-1-boustead-house,https://www.instagram.com/explore/locations/382085815958275/63-ubi-avenue-1-boustead-house/
tinkr-studios,https://www.instagram.com/explore/locations/203072493482298/tinkr-studios/
sholat,https://www.instagram.com/explore/locations/234464633251859/sholat/
hola-centre,https://www.instagram.com/explore/locations/287818065244952/hola-centre/
pasir-ris-farmway,https://www.instagram.com/explore/locations/307662400/pasir-ris-farmway/
65-ubi-crescent-hola-centre,https://www.instagram.com/explore/locations/184111684/65-ubi-crescent-hola-centre/
snoots,https://www.instagram.com/explore/locations/1540387742701306/snoots/
durian-zilla,https://www.instagram.com/explore/locations/400811807061100/durian-zilla/
the-office,https://www.instagram.com/explore/locations/912082602/the-office/
warung-roti,https://www.instagram.com/explore/locations/286086518162434/warung-roti/
juz-id-solutions,https://www.instagram.com/explore/locations/1410765472541697/juz-id-solutions/
mobar-mobile-bar-hire-singapore,https://www.instagram.com/explore/locations/464615291/mobar-mobile-bar-hire-singapore/
my-sweet-heaven,https://www.instagram.com/explore/locations/316089714/my-sweet-heaven/
geylang-serai,https://www.instagram.com/explore/locations/1678056689140239/geylang-serai/
blk-344-ubi-avenue-1,https://www.instagram.com/explore/locations/7419688/blk-344-ubi-avenue-1/
marina-bay-sands-convention-centre,https://www.instagram.com/explore/locations/264961511/marina-bay-sands-convention-centre/
yellowbox,https://www.instagram.com/explore/locations/145292413/yellowbox/
novastra-renovations-pte-ltd,https://www.instagram.com/explore/locations/101808798840426/novastra-renovations-pte-ltd/
wang-coffee-town,https://www.instagram.com/explore/locations/179378605239285/wang-coffee-town/
mm-program-your-confident-choice,https://www.instagram.com/explore/locations/734813403321947/mm-program-your-confident-choice/
rave-photography,https://www.instagram.com/explore/locations/220842221301497/rave-photography/
b-squared-design-house,https://www.instagram.com/explore/locations/1698093403601558/b-squared-design-house/
61-ubi-ave-1-ub-point,https://www.instagram.com/explore/locations/334351174/61-ubi-ave-1-ub-point/
zalora-studio,https://www.instagram.com/explore/locations/1012559789/zalora-studio/
patong-beach,https://www.instagram.com/explore/locations/241139792/patong-beach/
thread-forest,https://www.instagram.com/explore/locations/101930858245971/thread-forest/
bizlink-centre,https://www.instagram.com/explore/locations/1000254070/bizlink-centre/
the-binary,https://www.instagram.com/explore/locations/517689552069846/the-binary/
twenty20-tattoos,https://www.instagram.com/explore/locations/74364215/twenty20-tattoos/
10-ubi-crescent-ubi-techpark-lobby-b,https://www.instagram.com/explore/locations/268948954/10-ubi-crescent-ubi-techpark-lobby-b/
spaceship,https://www.instagram.com/explore/locations/109067090951815/spaceship/
blk-341-ubi-ave-1-10,https://www.instagram.com/explore/locations/287556841/blk-341-ubi-ave-1-10/
salming-floorball-singapore,https://www.instagram.com/explore/locations/644003425/salming-floorball-singapore/
am-design-co,https://www.instagram.com/explore/locations/113305433637684/am-design-co/
ces-building,https://www.instagram.com/explore/locations/10697209/ces-building/
dover-supply-pte-ltd,https://www.instagram.com/explore/locations/880810905/dover-supply-pte-ltd/
mr-bottles-kids-party,https://www.instagram.com/explore/locations/164459016926078/mr-bottles-kids-party/
naia-terminal-3-manila,https://www.instagram.com/explore/locations/267402281/naia-terminal-3-manila/
excalibur-centre-ubi,https://www.instagram.com/explore/locations/298906083/excalibur-centre-ubi/
blk-334-ubi-ave-1,https://www.instagram.com/explore/locations/2179819458946933/blk-334-ubi-ave-1/
10-ubi-crescent,https://www.instagram.com/explore/locations/145853732436458/10-ubi-crescent/
scan-n-go-p,https://www.instagram.com/explore/locations/367915380049716/scan-n-go-p/
koble,https://www.instagram.com/explore/locations/198281907593990/koble/
east-coast-lagoon,https://www.instagram.com/explore/locations/339250090/east-coast-lagoon/
ubi-industrial,https://www.instagram.com/explore/locations/1017791695/ubi-industrial/
young-auto-gadget,https://www.instagram.com/explore/locations/1896611957233866/young-auto-gadget/
nishimatsu-c929a,https://www.instagram.com/explore/locations/376673644/nishimatsu-c929a/
yaz-photography-studio,https://www.instagram.com/explore/locations/1526472587404747/yaz-photography-studio/
dreamemories,https://www.instagram.com/explore/locations/101019252675043/dreamemories/
kat-rumah-mak-bapak-aku,https://www.instagram.com/explore/locations/442434738/kat-rumah-mak-bapak-aku/
53ubi-cresent,https://www.instagram.com/explore/locations/4245466/53ubi-cresent/
ubi-350-coffee-shop,https://www.instagram.com/explore/locations/342495349619675/ubi-350-coffee-shop/
ubi-avenue-2-construction-site,https://www.instagram.com/explore/locations/267327523/ubi-avenue-2-construction-site/
ubi-350,https://www.instagram.com/explore/locations/151708535414625/ubi-350/
watchspree,https://www.instagram.com/explore/locations/368640236491385/watchspree/
73a-ayer-rajah-crescent,https://www.instagram.com/explore/locations/1686637834927884/73a-ayer-rajah-crescent/
jtc-ubi,https://www.instagram.com/explore/locations/384311637/jtc-ubi/
ubi-centre,https://www.instagram.com/explore/locations/5358699/ubi-centre/
solidrackz,https://www.instagram.com/explore/locations/484629771744535/solidrackz/
merlion-park,https://www.instagram.com/explore/locations/288818370/merlion-park/
victoria-wedding-collection,https://www.instagram.com/explore/locations/1403362416658924/victoria-wedding-collection/
super-workshop,https://www.instagram.com/explore/locations/171299229712583/super-workshop/
trio-top-oceanics-associates,https://www.instagram.com/explore/locations/108134609339623/trio-top-oceanics-associates/
temple-of-the-king,https://www.instagram.com/explore/locations/888113889/temple-of-the-king/
axxis-consulting,https://www.instagram.com/explore/locations/710524468/axxis-consulting/
getz-cleanz-pte-ltd,https://www.instagram.com/explore/locations/239144016491962/getz-cleanz-pte-ltd/
cctv-surveillance-zone-singapore-pte-ltd,https://www.instagram.com/explore/locations/125961527430089/cctv-surveillance-zone-singapore-pte-ltd/
science-lab,https://www.instagram.com/explore/locations/921170983/science-lab/
vicious-cycles-singapore,https://www.instagram.com/explore/locations/1019542937/vicious-cycles-singapore/
safi-equipment-services-pte-ltd,https://www.instagram.com/explore/locations/688559391244059/safi-equipment-services-pte-ltd/
block-336-ubi-avenue1-singapore-400336,https://www.instagram.com/explore/locations/282986759/block-336-ubi-avenue1-singapore-400336/
foreign-workers-directory,https://www.instagram.com/explore/locations/1026081941/foreign-workers-directory/
ubi-ave-1-blk-334,https://www.instagram.com/explore/locations/325274714/ubi-ave-1-blk-334/
smart-home-solutions,https://www.instagram.com/explore/locations/107312390801642/smart-home-solutions/
kampong-chai-chee-cc-karaoke,https://www.instagram.com/explore/locations/281387213/kampong-chai-chee-cc-karaoke/
casco-publications,https://www.instagram.com/explore/locations/162140613826921/casco-publications/
cleavon-tan-car-choice-singapore,https://www.instagram.com/explore/locations/316423695605908/cleavon-tan-car-choice-singapore/
the-teh-company,https://www.instagram.com/explore/locations/159260918087559/the-teh-company/
the-black-rose,https://www.instagram.com/explore/locations/226481364891940/the-black-rose/
bunderan-sukorejo,https://www.instagram.com/explore/locations/426597475/bunderan-sukorejo/
10-ubi-crescent-ubi-techpark-lobby-e,https://www.instagram.com/explore/locations/291254401/10-ubi-crescent-ubi-techpark-lobby-e/
siow-chiang,https://www.instagram.com/explore/locations/98248698/siow-chiang/
55-ubi-ave-1,https://www.instagram.com/explore/locations/336303876/55-ubi-ave-1/
arc-floor-pte-ltd,https://www.instagram.com/explore/locations/336541730485840/arc-floor-pte-ltd/
2020-garage,https://www.instagram.com/explore/locations/814867862222911/2020-garage/
balqis-clinic-bedok-reservoir,https://www.instagram.com/explore/locations/280422698/balqis-clinic-bedok-reservoir/
tgcm-print,https://www.instagram.com/explore/locations/1947634925464244/tgcm-print/
dalam-hatimu-ada-ruang-yg-kosng-gak-buat-q,https://www.instagram.com/explore/locations/442858162461693/dalam-hatimu-ada-ruang-yg-kosng-gak-buat-q/
graceland-eunos,https://www.instagram.com/explore/locations/1578436455703742/graceland-eunos/
hua-ji-hong-kong-roasted-duck-king,https://www.instagram.com/explore/locations/753364440/hua-ji-hong-kong-roasted-duck-king/
cars-yachts,https://www.instagram.com/explore/locations/1628054674006929/cars-yachts/
nic-wes,https://www.instagram.com/explore/locations/441341135/nic-wes/
eurocloth-textiles,https://www.instagram.com/explore/locations/998591760263008/eurocloth-textiles/
ilife,https://www.instagram.com/explore/locations/111647653552861/ilife/
mayer-marketing,https://www.instagram.com/explore/locations/106306061983242/mayer-marketing/
mcwell-ventures,https://www.instagram.com/explore/locations/2706785/mcwell-ventures/
my-nour-office,https://www.instagram.com/explore/locations/1754864484813226/my-nour-office/
whacklah,https://www.instagram.com/explore/locations/101198684969104/whacklah/
only-paws,https://www.instagram.com/explore/locations/1212201082175822/only-paws/
50nfifty-productions,https://www.instagram.com/explore/locations/276053302498352/50nfifty-productions/
charcoal-fish-head-steamboat,https://www.instagram.com/explore/locations/437895887/charcoal-fish-head-steamboat/
jai-thai-laos-cuisine,https://www.instagram.com/explore/locations/539606433/jai-thai-laos-cuisine/
centream,https://www.instagram.com/explore/locations/104653912123048/centream/
nana-samui-villa,https://www.instagram.com/explore/locations/954253333/nana-samui-villa/
avatar,https://www.instagram.com/explore/locations/383194078/avatar/
singapore-post,https://www.instagram.com/explore/locations/403766502/singapore-post/
workers-party-rally-ubi-ave-1,https://www.instagram.com/explore/locations/1013498354/workers-party-rally-ubi-ave-1/
chai-chee-avenue,https://www.instagram.com/explore/locations/282944322/chai-chee-avenue/
boustead-house,https://www.instagram.com/explore/locations/20811225/boustead-house/
connect-with-us,https://www.instagram.com/explore/locations/118754599532241/connect-with-us/
birthday-party-with-a-difference-i-wannabe,https://www.instagram.com/explore/locations/1022099570/birthday-party-with-a-difference-i-wannabe/
my-home-at-bayshore-park-pearl-tower,https://www.instagram.com/explore/locations/372323279615134/my-home-at-bayshore-park-pearl-tower/
336-ubi-avenue-1,https://www.instagram.com/explore/locations/113351470364721/336-ubi-avenue-1/
ridershop,https://www.instagram.com/explore/locations/829494214052217/ridershop/
oh-happy-fry,https://www.instagram.com/explore/locations/292722791/oh-happy-fry/
ubi-techpark-lobby-e,https://www.instagram.com/explore/locations/541755/ubi-techpark-lobby-e/
warriors-hall-safti-mi,https://www.instagram.com/explore/locations/769086887/warriors-hall-safti-mi/
kiddy-campus-ubi,https://www.instagram.com/explore/locations/132069914153713/kiddy-campus-ubi/
east-coast-trail,https://www.instagram.com/explore/locations/158709015075823/east-coast-trail/
the-basement-studio-at-golden-mile-tower,https://www.instagram.com/explore/locations/973558997/the-basement-studio-at-golden-mile-tower/
ubi-mrt,https://www.instagram.com/explore/locations/137774556423987/ubi-mrt/
manjusri-secondary-school,https://www.instagram.com/explore/locations/373378637/manjusri-secondary-school/
the-gravy-train,https://www.instagram.com/explore/locations/336393891/the-gravy-train/
mobilus-crossfit-box,https://www.instagram.com/explore/locations/478147946/mobilus-crossfit-box/
little-red-dot,https://www.instagram.com/explore/locations/1018158452/little-red-dot/
big-apps-idea-pte-ltd,https://www.instagram.com/explore/locations/405711756/big-apps-idea-pte-ltd/
cubo-collective-italian,https://www.instagram.com/explore/locations/743976932288409/cubo-collective-italian/
the-new-vicious-cycles-singapore,https://www.instagram.com/explore/locations/251890908/the-new-vicious-cycles-singapore/
teamwork-garage-pte-ltd,https://www.instagram.com/explore/locations/386894952/teamwork-garage-pte-ltd/
m-technik-paya-ubi,https://www.instagram.com/explore/locations/467407863747979/m-technik-paya-ubi/
pooh-bear-room,https://www.instagram.com/explore/locations/906923722/pooh-bear-room/
block-341-ubi,https://www.instagram.com/explore/locations/399554630104420/block-341-ubi/
the-garage,https://www.instagram.com/explore/locations/352111411849120/the-garage/
abang-abang-sado,https://www.instagram.com/explore/locations/641553022900966/abang-abang-sado/
arti-kesempurnaan-sesungguhnya,https://www.instagram.com/explore/locations/421203537936313/arti-kesempurnaan-sesungguhnya/
amplified-recording-studio,https://www.instagram.com/explore/locations/347560282576474/amplified-recording-studio/
jati-diri,https://www.instagram.com/explore/locations/415649931835558/jati-diri/
mobile-malt,https://www.instagram.com/explore/locations/1396841040612395/mobile-malt/
motoricarz-garage,https://www.instagram.com/explore/locations/1033965250/motoricarz-garage/
shen-zhen,https://www.instagram.com/explore/locations/1024428150/shen-zhen/
the-caffe-store,https://www.instagram.com/explore/locations/297514813/the-caffe-store/
grand-central-singapore,https://www.instagram.com/explore/locations/1025563883/grand-central-singapore/
the-singing-bush,https://www.instagram.com/explore/locations/1023220913/the-singing-bush/
prestigio-delights,https://www.instagram.com/explore/locations/636114366539855/prestigio-delights/
far-far-away-land,https://www.instagram.com/explore/locations/272466151/far-far-away-land/
just-smile-asia,https://www.instagram.com/explore/locations/212273933026441/just-smile-asia/
radio-masti-24x7,https://www.instagram.com/explore/locations/722438807957196/radio-masti-24x7/
popsicle-productions,https://www.instagram.com/explore/locations/70997285/popsicle-productions/
crossfit-mobilus,https://www.instagram.com/explore/locations/570207872/crossfit-mobilus/
de-memories,https://www.instagram.com/explore/locations/482539280/de-memories/
artispique-preserve-kids-art,https://www.instagram.com/explore/locations/104757928030344/artispique-preserve-kids-art/
tai-tai-paradise,https://www.instagram.com/explore/locations/367795203353739/tai-tai-paradise/
mr-bottles-kids-party,https://www.instagram.com/explore/locations/1033133486/mr-bottles-kids-party/
dux-laser-tag,https://www.instagram.com/explore/locations/1030142491/dux-laser-tag/
teo-heng-ktv,https://www.instagram.com/explore/locations/264813908/teo-heng-ktv/
narcissisthephotographer-studios,https://www.instagram.com/explore/locations/290148010/narcissisthephotographer-studios/
rumah-kenangan,https://www.instagram.com/explore/locations/294656280579873/rumah-kenangan/
ck-ubi-canteen,https://www.instagram.com/explore/locations/271975256783756/ck-ubi-canteen/
blk-32-cassia-crescent,https://www.instagram.com/explore/locations/167452859975012/blk-32-cassia-crescent/
dynotechica,https://www.instagram.com/explore/locations/1015887741/dynotechica/
apote,https://www.instagram.com/explore/locations/114664126933236/apote/
soy-appetit,https://www.instagram.com/explore/locations/681287758980251/soy-appetit/
sevenstop-sg,https://www.instagram.com/explore/locations/149706809044722/sevenstop-sg/
10-ubi-crescent,https://www.instagram.com/explore/locations/1016209000/10-ubi-crescent/
tumblr-world,https://www.instagram.com/explore/locations/719935253/tumblr-world/
mb-performance,https://www.instagram.com/explore/locations/18556924/mb-performance/
sg-assist,https://www.instagram.com/explore/locations/2275107289441151/sg-assist/
brighton-connection,https://www.instagram.com/explore/locations/362610437092802/brighton-connection/
secure-parking-singapore,https://www.instagram.com/explore/locations/668136946/secure-parking-singapore/
open-crumb-cafe,https://www.instagram.com/explore/locations/1019119700/open-crumb-cafe/
therapies-r-us-pte-ltd,https://www.instagram.com/explore/locations/106197977793801/therapies-r-us-pte-ltd/
azalea,https://www.instagram.com/explore/locations/526455334411053/azalea/
swimming-pool-osim-hq,https://www.instagram.com/explore/locations/48101928/swimming-pool-osim-hq/
hydrokleen-kbe-singapore,https://www.instagram.com/explore/locations/1194774543972192/hydrokleen-kbe-singapore/
kenkel-tech,https://www.instagram.com/explore/locations/111022871528992/kenkel-tech/
kam-wah,https://www.instagram.com/explore/locations/108659478376575/kam-wah/
ubi-view,https://www.instagram.com/explore/locations/412053245/ubi-view/
starhub-green-lvl-5,https://www.instagram.com/explore/locations/179053355483574/starhub-green-lvl-5/
innovasia,https://www.instagram.com/explore/locations/270412933006212/innovasia/
quokka,https://www.instagram.com/explore/locations/2286623721595765/quokka/
shanghai-school-uniform,https://www.instagram.com/explore/locations/210213196581434/shanghai-school-uniform/
mall-sg,https://www.instagram.com/explore/locations/181140806068692/mall-sg/
kenny-live,https://www.instagram.com/explore/locations/2370529939897447/kenny-live/
eat-all-u-can-bbq-steamboat-buffet,https://www.instagram.com/explore/locations/982932545098395/eat-all-u-can-bbq-steamboat-buffet/
mjr-graduation-day,https://www.instagram.com/explore/locations/908701597/mjr-graduation-day/
razorblaze-production,https://www.instagram.com/explore/locations/1215987331811944/razorblaze-production/
surecatch,https://www.instagram.com/explore/locations/612804610/surecatch/
lyanaz-bridal-gallery,https://www.instagram.com/explore/locations/707367076/lyanaz-bridal-gallery/
osim-recreation-club,https://www.instagram.com/explore/locations/48110137/osim-recreation-club/
s5-technology,https://www.instagram.com/explore/locations/106564194393499/s5-technology/
simply-hamper,https://www.instagram.com/explore/locations/309861199208526/simply-hamper/
carway-leasing-and-rental,https://www.instagram.com/explore/locations/282657485250365/carway-leasing-and-rental/
att-systems,https://www.instagram.com/explore/locations/251277215566002/att-systems/
pray-it-forward,https://www.instagram.com/explore/locations/101203888411172/pray-it-forward/
yap-brothers-motorsport,https://www.instagram.com/explore/locations/329580717/yap-brothers-motorsport/
msl-building,https://www.instagram.com/explore/locations/10526422/msl-building/
ministry-of-robotics-singapore,https://www.instagram.com/explore/locations/595660575/ministry-of-robotics-singapore/
ever-dragon-restaurant,https://www.instagram.com/explore/locations/49137927/ever-dragon-restaurant/
akrobat-pte-ltd,https://www.instagram.com/explore/locations/990338574333112/akrobat-pte-ltd/
changi-airport-spore,https://www.instagram.com/explore/locations/348523930/changi-airport-spore/
work-store,https://www.instagram.com/explore/locations/580668085780537/work-store/
manjusri-secondary-school-canteen,https://www.instagram.com/explore/locations/2021122/manjusri-secondary-school-canteen/
63-ubi-ave-1-boustead-house,https://www.instagram.com/explore/locations/216155365/63-ubi-ave-1-boustead-house/
blk-3023-ubi-ave-2-ubiplex-1,https://www.instagram.com/explore/locations/863399194/blk-3023-ubi-ave-2-ubiplex-1/
statue-of-liberty,https://www.instagram.com/explore/locations/292828863/statue-of-liberty/
racing-technology-exhaust-system,https://www.instagram.com/explore/locations/23194370/racing-technology-exhaust-system/
v-more-pro,https://www.instagram.com/explore/locations/1774882572782927/v-more-pro/
farmkita,https://www.instagram.com/explore/locations/1304511366370054/farmkita/
plawan-beach,https://www.instagram.com/explore/locations/1030222977/plawan-beach/
lightning-prints,https://www.instagram.com/explore/locations/109068764001285/lightning-prints/
fuse-singapore,https://www.instagram.com/explore/locations/428623694004202/fuse-singapore/
ubi-3026-kopitiam,https://www.instagram.com/explore/locations/113771618698091/ubi-3026-kopitiam/
blk1085-eunos,https://www.instagram.com/explore/locations/961081272/blk1085-eunos/
manjusri-sec,https://www.instagram.com/explore/locations/1025670945/manjusri-sec/
mcbay-pte-ltd-singapore,https://www.instagram.com/explore/locations/217879784947626/mcbay-pte-ltd-singapore/
3026-ubi-road-1,https://www.instagram.com/explore/locations/657415484/3026-ubi-road-1/
halo-polish,https://www.instagram.com/explore/locations/550318768456289/halo-polish/
fabulous-x,https://www.instagram.com/explore/locations/15141888/fabulous-x/
survive-the-living-dead,https://www.instagram.com/explore/locations/100516185012069/survive-the-living-dead/
?locale=en_US,https://help.instagram.com/581066165581870/?locale=en_US
sentosa-boardwalk,https://www.instagram.com/explore/locations/883110681896675/sentosa-boardwalk/
kia-ora,https://www.instagram.com/explore/locations/105228187516129/kia-ora/
spaceship-100-eunos,https://www.instagram.com/explore/locations/105903707644747/spaceship-100-eunos/
royal-88-international-pte-ltd,https://www.instagram.com/explore/locations/113631357062994/royal-88-international-pte-ltd/
ap8werks,https://www.instagram.com/explore/locations/104930617563060/ap8werks/
d-ron,https://www.instagram.com/explore/locations/286816485/d-ron/
ila,https://www.instagram.com/explore/locations/897883040225354/ila/
my-smile-productions,https://www.instagram.com/explore/locations/1866767593582709/my-smile-productions/
7-11-my-house-house-downstair,https://www.instagram.com/explore/locations/125880670820895/7-11-my-house-house-downstair/
aspial-lee-hwa-jewellery-singapore-ptd-ltd,https://www.instagram.com/explore/locations/304411907/aspial-lee-hwa-jewellery-singapore-ptd-ltd/
dating-with-my-bed-3,https://www.instagram.com/explore/locations/193315590712593/dating-with-my-bed-3/
pematang-sawah,https://www.instagram.com/explore/locations/1006699089/pematang-sawah/
2020-garage-servicing-repairs-and-accessories,https://www.instagram.com/explore/locations/154309168820654/2020-garage-servicing-repairs-and-accessories/
seagift-food-pte-ltd,https://www.instagram.com/explore/locations/565791150242176/seagift-food-pte-ltd/
xiaomeimeisg,https://www.instagram.com/explore/locations/182433492645789/xiaomeimeisg/
vincent-air-compressor-services-pte-ltd,https://www.instagram.com/explore/locations/1023967990/vincent-air-compressor-services-pte-ltd/
pustaka-nasional-pte-ltd,https://www.instagram.com/explore/locations/788740727/pustaka-nasional-pte-ltd/
home-swit-hom,https://www.instagram.com/explore/locations/666227272/home-swit-hom/
amber-avenue,https://www.instagram.com/explore/locations/1021727176/amber-avenue/
istana-pasir-dua-butir,https://www.instagram.com/explore/locations/31298178/istana-pasir-dua-butir/
axtro-sports,https://www.instagram.com/explore/locations/1021087354/axtro-sports/
top-of-the-world,https://www.instagram.com/explore/locations/348018232671239/top-of-the-world/
tengah-padang-gersang,https://www.instagram.com/explore/locations/305447772/tengah-padang-gersang/
ubi-techpark-lobby-d,https://www.instagram.com/explore/locations/1027569804/ubi-techpark-lobby-d/
ubi-mrt-station,https://www.instagram.com/explore/locations/513786969037265/ubi-mrt-station/
eunos-singapore,https://www.instagram.com/explore/locations/1024786003/eunos-singapore/
lameizi,https://www.instagram.com/explore/locations/103386459070247/lameizi/
optical-88-singapore,https://www.instagram.com/explore/locations/439018733253839/optical-88-singapore/
blk-352-ubi-ave-1,https://www.instagram.com/explore/locations/320804160/blk-352-ubi-ave-1/
xtremez-audio-at-paya-ubi,https://www.instagram.com/explore/locations/1374946369192723/xtremez-audio-at-paya-ubi/
blk-350-ubi-ave-1,https://www.instagram.com/explore/locations/718268/blk-350-ubi-ave-1/
ubi-fitness-corner,https://www.instagram.com/explore/locations/255304151171380/ubi-fitness-corner/
regent-express-pte-ltd,https://www.instagram.com/explore/locations/1171842059545764/regent-express-pte-ltd/
straits-ink,https://www.instagram.com/explore/locations/105499687743634/straits-ink/
youme-wedding-dress-singapore,https://www.instagram.com/explore/locations/1382599935323670/youme-wedding-dress-singapore/
swensens-marina-square,https://www.instagram.com/explore/locations/1032943664/swensens-marina-square/
singapore-changi-international-airport-terminal-2,https://www.instagram.com/explore/locations/250884097/singapore-changi-international-airport-terminal-2/
blk-345-ubi-avenue-1,https://www.instagram.com/explore/locations/461023951/blk-345-ubi-avenue-1/
chang-long-fish-head-steamboat-ubi,https://www.instagram.com/explore/locations/275377715657380/chang-long-fish-head-steamboat-ubi/
uniforce-security-services-pte-ltd,https://www.instagram.com/explore/locations/1628060953905051/uniforce-security-services-pte-ltd/
arkhilite,https://www.instagram.com/explore/locations/676498895874737/arkhilite/
besco-building-supplies-sea-pte-ltd,https://www.instagram.com/explore/locations/253476098029557/besco-building-supplies-sea-pte-ltd/
vigorous-design,https://www.instagram.com/explore/locations/1355129744502253/vigorous-design/
ubi-350,https://www.instagram.com/explore/locations/324871044845381/ubi-350/
racetech,https://www.instagram.com/explore/locations/34346059/racetech/
vga-camera,https://www.instagram.com/explore/locations/102397328790357/vga-camera/
neighbarhood,https://www.instagram.com/explore/locations/322969625178772/neighbarhood/
leong-seng-tyres-and-automotive,https://www.instagram.com/explore/locations/632954693/leong-seng-tyres-and-automotive/
bobochachaballoon,https://www.instagram.com/explore/locations/548795498846324/bobochachaballoon/
greenbelt-makati,https://www.instagram.com/explore/locations/214882178561255/greenbelt-makati/
900online,https://www.instagram.com/explore/locations/152422461772912/900online/
drivesg,https://www.instagram.com/explore/locations/359952026/drivesg/
honey-by-al-habaib,https://www.instagram.com/explore/locations/1893438770976020/honey-by-al-habaib/
six-o-clock-productions,https://www.instagram.com/explore/locations/1027016259/six-o-clock-productions/
orchard-road,https://www.instagram.com/explore/locations/499210272/orchard-road/
gic-headquarter,https://www.instagram.com/explore/locations/1011343623/gic-headquarter/
dollarscents,https://www.instagram.com/explore/locations/104887361307162/dollarscents/
oxpay-financial-limited,https://www.instagram.com/explore/locations/525108290/oxpay-financial-limited/
mini-toons-pte-ltd,https://www.instagram.com/explore/locations/1028161480/mini-toons-pte-ltd/
paya-ubi,https://www.instagram.com/explore/locations/245753162126559/paya-ubi/
emerio,https://www.instagram.com/explore/locations/1017280141/emerio/
mscents,https://www.instagram.com/explore/locations/1251993261521898/mscents/
339-ubi-ave-1,https://www.instagram.com/explore/locations/1033169961/339-ubi-ave-1/
fats-land,https://www.instagram.com/explore/locations/296326687048576/fats-land/
rstuning,https://www.instagram.com/explore/locations/216446172147/rstuning/
dt27-ubi-downtownline-mrt,https://www.instagram.com/explore/locations/1668261666806242/dt27-ubi-downtownline-mrt/
ubi-ave-1-bus-stop,https://www.instagram.com/explore/locations/264328740/ubi-ave-1-bus-stop/
59-ubi-ave-1-bizlink-centre,https://www.instagram.com/explore/locations/268215286/59-ubi-ave-1-bizlink-centre/
firdaus-heaven,https://www.instagram.com/explore/locations/118425694901023/firdaus-heaven/
incepte-i-digital-marketing-agency,https://www.instagram.com/explore/locations/222016854842172/incepte-i-digital-marketing-agency/
39-ubi-crescent,https://www.instagram.com/explore/locations/1024697454/39-ubi-crescent/
dental-focus,https://www.instagram.com/explore/locations/1012098122263295/dental-focus/
def-tech-singapore,https://www.instagram.com/explore/locations/589126611151716/def-tech-singapore/
number-one-building,https://www.instagram.com/explore/locations/315955699099875/number-one-building/
yfyfyf,https://www.instagram.com/explore/locations/1600847670009733/yfyfyf/
tradingsyzygy,https://www.instagram.com/explore/locations/118497254598624/tradingsyzygy/
blk-1085-eunos-ave-7a,https://www.instagram.com/explore/locations/472763580/blk-1085-eunos-ave-7a/
ckc,https://www.instagram.com/explore/locations/111397393779329/ckc/
mesa-boogie-singapore,https://www.instagram.com/explore/locations/1361710290603288/mesa-boogie-singapore/
mind-and-soul,https://www.instagram.com/explore/locations/248924252673437/mind-and-soul/
musee,https://www.instagram.com/explore/locations/881927511891192/musee/
pma-life,https://www.instagram.com/explore/locations/120137525323653/pma-life/
home-is-love,https://www.instagram.com/explore/locations/118355076230050/home-is-love/
rs-tuning,https://www.instagram.com/explore/locations/17399200/rs-tuning/
xin-wan-fu-zhou-ban-mian,https://www.instagram.com/explore/locations/136905827064160/xin-wan-fu-zhou-ban-mian/
bloomingbelle-beauty-wellness,https://www.instagram.com/explore/locations/775584429150341/bloomingbelle-beauty-wellness/
power-lah,https://www.instagram.com/explore/locations/165479824169884/power-lah/
npn,https://www.instagram.com/explore/locations/929891313792342/npn/
top93-pte-ltd,https://www.instagram.com/explore/locations/1799328960190508/top93-pte-ltd/
solidsafes,https://www.instagram.com/explore/locations/427290204470863/solidsafes/
wisma-orchard,https://www.instagram.com/explore/locations/356193864/wisma-orchard/
bukit-batok-east,https://www.instagram.com/explore/locations/327755839/bukit-batok-east/
tempat-kerja-yg-selalu-banyak-kerja,https://www.instagram.com/explore/locations/120809551412756/tempat-kerja-yg-selalu-banyak-kerja/
universal-displays-pte-ltd,https://www.instagram.com/explore/locations/15498957/universal-displays-pte-ltd/
swivelle,https://www.instagram.com/explore/locations/28643768/swivelle/
61-ubi-avenue-1,https://www.instagram.com/explore/locations/445370571/61-ubi-avenue-1/
kangaroo-nuts-singapore,https://www.instagram.com/explore/locations/585552622/kangaroo-nuts-singapore/
ubi-ck-canteen,https://www.instagram.com/explore/locations/376617050/ubi-ck-canteen/
lionbridge-liquors,https://www.instagram.com/explore/locations/657413436/lionbridge-liquors/
tampines-ave-8,https://www.instagram.com/explore/locations/622285300/tampines-ave-8/
home-sweet-home-babyyyyyyy-d,https://www.instagram.com/explore/locations/378943817/home-sweet-home-babyyyyyyy-d/
east-west-lineew-towards-pasir-ris,https://www.instagram.com/explore/locations/2026521520903651/east-west-lineew-towards-pasir-ris/
home-sweet-home-3,https://www.instagram.com/explore/locations/294962122/home-sweet-home-3/
techniques-centre,https://www.instagram.com/explore/locations/1266230/techniques-centre/
ntuc-health-hq,https://www.instagram.com/explore/locations/402661326741858/ntuc-health-hq/
iceman-singapore,https://www.instagram.com/explore/locations/912901785434523/iceman-singapore/
byherbs-wellness-singapore,https://www.instagram.com/explore/locations/1031998930/byherbs-wellness-singapore/
parkway-parade-pastamania,https://www.instagram.com/explore/locations/1032600721/parkway-parade-pastamania/
ourbosssg,https://www.instagram.com/explore/locations/105137121108399/ourbosssg/
richfield-industrial-centre,https://www.instagram.com/explore/locations/483931895674534/richfield-industrial-centre/
field-opposite-blk-344-ubi-ave-1,https://www.instagram.com/explore/locations/1013509831/field-opposite-blk-344-ubi-ave-1/
lua-clinic-surgery,https://www.instagram.com/explore/locations/16367524/lua-clinic-surgery/
comfortdelgro-engineering-spark-car-care,https://www.instagram.com/explore/locations/563836862/comfortdelgro-engineering-spark-car-care/
2g-advance-auto-services-pte-ltd,https://www.instagram.com/explore/locations/1354162264643164/2g-advance-auto-services-pte-ltd/
maha-bodhi-school,https://www.instagram.com/explore/locations/111692471822959/maha-bodhi-school/
global-motor,https://www.instagram.com/explore/locations/1025840764/global-motor/
bugis-mc-donald,https://www.instagram.com/explore/locations/330400073710238/bugis-mc-donald/
25-ubi-road-4,https://www.instagram.com/explore/locations/492947072/25-ubi-road-4/
the-green-car-company-pte-ltd,https://www.instagram.com/explore/locations/1168517289843479/the-green-car-company-pte-ltd/
radio-masti-24x7-live-studios,https://www.instagram.com/explore/locations/504264059920452/radio-masti-24x7-live-studios/
preventive-alternative-natural-wellness-allure-maven-marketing,https://www.instagram.com/explore/locations/367736273745528/preventive-alternative-natural-wellness-allure-maven-marketing/
far-east-chicken-rice,https://www.instagram.com/explore/locations/128420614665071/far-east-chicken-rice/
ultra-cool-aircon-services,https://www.instagram.com/explore/locations/289152437913798/ultra-cool-aircon-services/
adventure-of-mine,https://www.instagram.com/explore/locations/1267144616698139/adventure-of-mine/
rimus-idea-design-studio-pte-ltd,https://www.instagram.com/explore/locations/1611714025714770/rimus-idea-design-studio-pte-ltd/
north-bridge-road-blk-10,https://www.instagram.com/explore/locations/913948491/north-bridge-road-blk-10/
beauty-insider,https://www.instagram.com/explore/locations/1516029055357818/beauty-insider/
tuntunan-hati,https://www.instagram.com/explore/locations/286503384796813/tuntunan-hati/
furnistyle-concept,https://www.instagram.com/explore/locations/94041794/furnistyle-concept/
focus-one,https://www.instagram.com/explore/locations/1185001208317217/focus-one/
342-352-ubi-avenue-1,https://www.instagram.com/explore/locations/305406313672746/342-352-ubi-avenue-1/
daviscomms,https://www.instagram.com/explore/locations/1027748424/daviscomms/
atas-genting-tetangga-samping-rumah-pak-kades,https://www.instagram.com/explore/locations/624244297/atas-genting-tetangga-samping-rumah-pak-kades/
art-of-cleaning-pte-ltd,https://www.instagram.com/explore/locations/228648121211361/art-of-cleaning-pte-ltd/
paris-london,https://www.instagram.com/explore/locations/258800155/paris-london/
happy-eyes-photography,https://www.instagram.com/explore/locations/104622672907999/happy-eyes-photography/
mr-lorbak,https://www.instagram.com/explore/locations/106608227981258/mr-lorbak/
car-rental-singapore,https://www.instagram.com/explore/locations/134026154737/car-rental-singapore/
block-337-ubi-avenue-1,https://www.instagram.com/explore/locations/107549127331271/block-337-ubi-avenue-1/
seatware-haus,https://www.instagram.com/explore/locations/111938315640608/seatware-haus/
ergocollectionscom,https://www.instagram.com/explore/locations/111148661341848/ergocollectionscom/
gratitude-thai-amulet,https://www.instagram.com/explore/locations/111177637293630/gratitude-thai-amulet/
dms-pte-ltd,https://www.instagram.com/explore/locations/82549688/dms-pte-ltd/
kolong-langit,https://www.instagram.com/explore/locations/149600088484050/kolong-langit/
circuit-road-singapore,https://www.instagram.com/explore/locations/926359861/circuit-road-singapore/
pickjunction-experiential-centre,https://www.instagram.com/explore/locations/129948010844486/pickjunction-experiential-centre/
speed-haus-pte-ltd,https://www.instagram.com/explore/locations/380326077/speed-haus-pte-ltd/
rumah-mama-3,https://www.instagram.com/explore/locations/196531187074126/rumah-mama-3/
de-hygienique,https://www.instagram.com/explore/locations/117964149266/de-hygienique/
sona,https://www.instagram.com/explore/locations/1020341741419612/sona/
lim-chu-kang-muslim-cemetery,https://www.instagram.com/explore/locations/170335876356074/lim-chu-kang-muslim-cemetery/
vicious-cycle-singapore,https://www.instagram.com/explore/locations/360231882/vicious-cycle-singapore/
3025-ubi-road-3,https://www.instagram.com/explore/locations/1020888462/3025-ubi-road-3/
59-ubi-crescent,https://www.instagram.com/explore/locations/52635954/59-ubi-crescent/
abc-pte-ltd,https://www.instagram.com/explore/locations/804378963046427/abc-pte-ltd/
paya-ubi-idac,https://www.instagram.com/explore/locations/213637213/paya-ubi-idac/
sbs-bus-63,https://www.instagram.com/explore/locations/1016310024/sbs-bus-63/
marcuss-home,https://www.instagram.com/explore/locations/591901642/marcuss-home/
lim-chu-kang-rd-muslim-cemetary-path-17,https://www.instagram.com/explore/locations/317769717/lim-chu-kang-rd-muslim-cemetary-path-17/
tes-productions-projects,https://www.instagram.com/explore/locations/1017797085/tes-productions-projects/
artizen,https://www.instagram.com/explore/locations/658931234/artizen/
poh-kim-dvd-blu-ray-4k-uhd,https://www.instagram.com/explore/locations/1937243053215689/poh-kim-dvd-blu-ray-4k-uhd/
take2-productions,https://www.instagram.com/explore/locations/447283345711556/take2-productions/
floor-melody,https://www.instagram.com/explore/locations/235875397306841/floor-melody/
50-ubi-techpark,https://www.instagram.com/explore/locations/53001055/50-ubi-techpark/
food-republic-katong-i12,https://www.instagram.com/explore/locations/320568043/food-republic-katong-i12/
genisys-office-system,https://www.instagram.com/explore/locations/1637405066482492/genisys-office-system/
sin-lek-building-materials-pte-ltd,https://www.instagram.com/explore/locations/1629767950673322/sin-lek-building-materials-pte-ltd/
buat-seseorang-yg-sudah-bahagia-dgn-pilihan-nya-_,https://www.instagram.com/explore/locations/398250513564134/buat-seseorang-yg-sudah-bahagia-dgn-pilihan-nya-_/
superfect-detailing,https://www.instagram.com/explore/locations/588562048167859/superfect-detailing/
homestylist,https://www.instagram.com/explore/locations/100290985756317/homestylist/
singapore-want-to-go,https://www.instagram.com/explore/locations/2345980245436443/singapore-want-to-go/
batam-fishing-lure,https://www.instagram.com/explore/locations/246345208802272/batam-fishing-lure/
navicom-singapore,https://www.instagram.com/explore/locations/944817391/navicom-singapore/
arbi-tatami-contracting-pte-ltd,https://www.instagram.com/explore/locations/102100367947318/arbi-tatami-contracting-pte-ltd/
mjr-dance-room,https://www.instagram.com/explore/locations/811057650/mjr-dance-room/
decorama-wedding-services-pte-ltd,https://www.instagram.com/explore/locations/366025868/decorama-wedding-services-pte-ltd/
paya-ubi,https://www.instagram.com/explore/locations/229727677135375/paya-ubi/
jn-co-building-contractor-pte-ltd,https://www.instagram.com/explore/locations/101575978411784/jn-co-building-contractor-pte-ltd/
yong-lee-building-3-ubi-crescent,https://www.instagram.com/explore/locations/332296634/yong-lee-building-3-ubi-crescent/
eternal-wreaths-singapore,https://www.instagram.com/explore/locations/103913175198562/eternal-wreaths-singapore/
insightz-technology,https://www.instagram.com/explore/locations/112028588155286/insightz-technology/
singapore-handicrafts-bldg,https://www.instagram.com/explore/locations/749460539/singapore-handicrafts-bldg/
bundleluxe,https://www.instagram.com/explore/locations/102067248370794/bundleluxe/
valuecurtainssingapore,https://www.instagram.com/explore/locations/330909844275969/valuecurtainssingapore/
peers-outdoor-private-limited,https://www.instagram.com/explore/locations/1029336128/peers-outdoor-private-limited/
blk-337-ubi-ave-1,https://www.instagram.com/explore/locations/8366431/blk-337-ubi-ave-1/
perigi-hang-tuah,https://www.instagram.com/explore/locations/271447793508907/perigi-hang-tuah/
40,https://www.instagram.com/explore/locations/1479546615590454/40/
cs-ii-pps,https://www.instagram.com/explore/locations/1031116706/cs-ii-pps/
maha-bodhi-primary-school,https://www.instagram.com/explore/locations/794609824/maha-bodhi-primary-school/
kemulan-sarung,https://www.instagram.com/explore/locations/280087308689636/kemulan-sarung/
the-pia-studio-pte-ltd,https://www.instagram.com/explore/locations/736200456445586/the-pia-studio-pte-ltd/
122-eunos-avenue-7,https://www.instagram.com/explore/locations/567090572/122-eunos-avenue-7/
decora-art-colour-pte-ltd,https://www.instagram.com/explore/locations/196159947088134/decora-art-colour-pte-ltd/
super-fur,https://www.instagram.com/explore/locations/675079319366033/super-fur/
bulb-singapore,https://www.instagram.com/explore/locations/170788652960868/bulb-singapore/
tantra-inc,https://www.instagram.com/explore/locations/417872030/tantra-inc/
excalibur-center,https://www.instagram.com/explore/locations/212595789466522/excalibur-center/
daisys-visuals,https://www.instagram.com/explore/locations/209984126434855/daisys-visuals/
iris-group-singapore,https://www.instagram.com/explore/locations/172997073150489/iris-group-singapore/
geylang-lor-18-house-18,https://www.instagram.com/explore/locations/172427517042090/geylang-lor-18-house-18/
blk-336-ubi-ave-1-residents-corner,https://www.instagram.com/explore/locations/121656074583193/blk-336-ubi-ave-1-residents-corner/
blk-332-ubi-ave-1,https://www.instagram.com/explore/locations/129019393845615/blk-332-ubi-ave-1/
pagoda-teak-furniture,https://www.instagram.com/explore/locations/550822158656305/pagoda-teak-furniture/
eighteen-chefs,https://www.instagram.com/explore/locations/246355194/eighteen-chefs/
hi-beau-international,https://www.instagram.com/explore/locations/205147056179270/hi-beau-international/
its-my-spot,https://www.instagram.com/explore/locations/1018138593/its-my-spot/
ubi-automart,https://www.instagram.com/explore/locations/593141/ubi-automart/
geylang-lor-39-chicken-hotpot,https://www.instagram.com/explore/locations/481431249/geylang-lor-39-chicken-hotpot/
yong-fong-production-trading,https://www.instagram.com/explore/locations/699576240137990/yong-fong-production-trading/
gather,https://www.instagram.com/explore/locations/1094752153878073/gather/
atzen-pte-ltd,https://www.instagram.com/explore/locations/1736596073277600/atzen-pte-ltd/
fighterz-academy,https://www.instagram.com/explore/locations/397846667055355/fighterz-academy/
my-small-corner-3,https://www.instagram.com/explore/locations/1013425439/my-small-corner-3/
super-modern,https://www.instagram.com/explore/locations/4031540/super-modern/
kiddy-campus-blk-346-ubi-ave-1,https://www.instagram.com/explore/locations/1024097139/kiddy-campus-blk-346-ubi-ave-1/
palace,https://www.instagram.com/explore/locations/1020172499/palace/
singapore-bicycle-festival,https://www.instagram.com/explore/locations/379487269/singapore-bicycle-festival/
72-eunos-ave-7,https://www.instagram.com/explore/locations/905365468/72-eunos-ave-7/
sky-creation-ubi-showroom,https://www.instagram.com/explore/locations/1022371904/sky-creation-ubi-showroom/
vonda-singapore,https://www.instagram.com/explore/locations/1753293348023869/vonda-singapore/
bulacan,https://www.instagram.com/explore/locations/457150153/bulacan/
homely-hardware,https://www.instagram.com/explore/locations/8662336/homely-hardware/
crazy-4-coffee,https://www.instagram.com/explore/locations/1017309436/crazy-4-coffee/
sweet-arabia-honey,https://www.instagram.com/explore/locations/417768338264474/sweet-arabia-honey/
342-ubi,https://www.instagram.com/explore/locations/519252780/342-ubi/
starbucks-parco-bugis-junction-200-victoria-street,https://www.instagram.com/explore/locations/360950192/starbucks-parco-bugis-junction-200-victoria-street/
pie-tuas,https://www.instagram.com/explore/locations/418243433/pie-tuas/
302-ubi-rd-3-comfort-delgro-engineering-spark-car-care,https://www.instagram.com/explore/locations/451809581/302-ubi-rd-3-comfort-delgro-engineering-spark-car-care/
ldf-sg-paya-ubi,https://www.instagram.com/explore/locations/2625098084383720/ldf-sg-paya-ubi/
singaporebrides,https://www.instagram.com/explore/locations/233218137523/singaporebrides/
nours-office,https://www.instagram.com/explore/locations/481487662187164/nours-office/
45-ubi-crescent,https://www.instagram.com/explore/locations/393237151415746/45-ubi-crescent/
96-interior-pte-ltd,https://www.instagram.com/explore/locations/115804370743036/96-interior-pte-ltd/
doa-ku-yang-abadi,https://www.instagram.com/explore/locations/354662087956133/doa-ku-yang-abadi/
t5-at-tampines,https://www.instagram.com/explore/locations/622092744/t5-at-tampines/
permintaan-terakhir,https://www.instagram.com/explore/locations/969226935/permintaan-terakhir/
chivas-regal-whisky-online-store,https://www.instagram.com/explore/locations/1545737552365605/chivas-regal-whisky-online-store/
63-at-ubi,https://www.instagram.com/explore/locations/1030731823/63-at-ubi/
allhome-sg-ubi-grove,https://www.instagram.com/explore/locations/122618105803893/allhome-sg-ubi-grove/
hi-tech-images,https://www.instagram.com/explore/locations/100517225111934/hi-tech-images/
manjusri-choir-room,https://www.instagram.com/explore/locations/718574451/manjusri-choir-room/
ann-siang-hill,https://www.instagram.com/explore/locations/318733404/ann-siang-hill/
sin-wah-thong-liquor-company,https://www.instagram.com/explore/locations/329974323804045/sin-wah-thong-liquor-company/
expo,https://www.instagram.com/explore/locations/305751786/expo/
toa-payoh-flyover,https://www.instagram.com/explore/locations/1032104368/toa-payoh-flyover/
unity-ntuc-healthcare,https://www.instagram.com/explore/locations/98157385/unity-ntuc-healthcare/
manjusri-library,https://www.instagram.com/explore/locations/510125158/manjusri-library/
bubble-tea,https://www.instagram.com/explore/locations/220577714621208/bubble-tea/
va-da,https://www.instagram.com/explore/locations/113542107084327/va-da/
ubi-auto-car-mart,https://www.instagram.com/explore/locations/1029350245/ubi-auto-car-mart/
widur-design-solutions,https://www.instagram.com/explore/locations/1612259295681907/widur-design-solutions/
ubi-road-4-weltech-industrial-building,https://www.instagram.com/explore/locations/236034669748741/ubi-road-4-weltech-industrial-building/
gerlyn-c,https://www.instagram.com/explore/locations/105244734863742/gerlyn-c/
surecatch-world-warehouse-sale,https://www.instagram.com/explore/locations/105590855540089/surecatch-world-warehouse-sale/
pie-towards-tuas,https://www.instagram.com/explore/locations/239408400/pie-towards-tuas/
bone-fishing-world,https://www.instagram.com/explore/locations/125505051332635/bone-fishing-world/
block-351,https://www.instagram.com/explore/locations/1170305209795047/block-351/
pan-island-expressway-pie,https://www.instagram.com/explore/locations/249631609/pan-island-expressway-pie/
turks-asia,https://www.instagram.com/explore/locations/636602296/turks-asia/
10-ubi-crescentubi-techpark-lobby-a,https://www.instagram.com/explore/locations/333817186710145/10-ubi-crescentubi-techpark-lobby-a/
car-care-centre,https://www.instagram.com/explore/locations/105242625307673/car-care-centre/
touch-specialcrafts,https://www.instagram.com/explore/locations/1024969554/touch-specialcrafts/
capricon-cafe,https://www.instagram.com/explore/locations/2799608/capricon-cafe/
mighty-magic-lab-llp,https://www.instagram.com/explore/locations/882299088589107/mighty-magic-lab-llp/
lions-club-singapore-beverly-hills,https://www.instagram.com/explore/locations/1035488859/lions-club-singapore-beverly-hills/
radio-masti-24x7-live-singapore,https://www.instagram.com/explore/locations/175584801126/radio-masti-24x7-live-singapore/
smart-nation-starts-at-homeraplink-a-smart-home-for-everyone,https://www.instagram.com/explore/locations/735128573555730/smart-nation-starts-at-homeraplink-a-smart-home-for-everyone/
first-services,https://www.instagram.com/explore/locations/101870554758692/first-services/
blk-341,https://www.instagram.com/explore/locations/1015941502/blk-341/
thenailsology,https://www.instagram.com/explore/locations/106969861461404/thenailsology/
restyle-my-car,https://www.instagram.com/explore/locations/106810617587103/restyle-my-car/
handphone-shop,https://www.instagram.com/explore/locations/118897911470151/handphone-shop/
at-facebook,https://www.instagram.com/explore/locations/220076114680311/at-facebook/
cars-m2a-pte-ltd,https://www.instagram.com/explore/locations/739792773043478/cars-m2a-pte-ltd/
mid-interior-design,https://www.instagram.com/explore/locations/101058552955860/mid-interior-design/
my-halo-baby,https://www.instagram.com/explore/locations/102555432021328/my-halo-baby/
dlight-associates-tgt,https://www.instagram.com/explore/locations/194805769130/dlight-associates-tgt/
eunos-cresent-blk-24,https://www.instagram.com/explore/locations/462372911/eunos-cresent-blk-24/
ubi-block-343,https://www.instagram.com/explore/locations/179869275389572/ubi-block-343/
at-the-table,https://www.instagram.com/explore/locations/105646334247177/at-the-table/
blk-338-ubi-ave-1,https://www.instagram.com/explore/locations/285465816/blk-338-ubi-ave-1/
3029a-ubi-road-3,https://www.instagram.com/explore/locations/114504592027344/3029a-ubi-road-3/
yala-yala-house,https://www.instagram.com/explore/locations/210156915715383/yala-yala-house/
jesss-room,https://www.instagram.com/explore/locations/200063126691526/jesss-room/
paya-ubi-ind-park,https://www.instagram.com/explore/locations/433680755/paya-ubi-ind-park/
smitech-engrg,https://www.instagram.com/explore/locations/147575095288281/smitech-engrg/
50-ubi-crescent,https://www.instagram.com/explore/locations/201502979869114/50-ubi-crescent/
autobot,https://www.instagram.com/explore/locations/158771114871102/autobot/
razes-avl-office,https://www.instagram.com/explore/locations/678848948/razes-avl-office/
blk-352-ubi-avenue-1,https://www.instagram.com/explore/locations/736852740/blk-352-ubi-avenue-1/
caffe-darte,https://www.instagram.com/explore/locations/338140290165812/caffe-darte/
techsource-systems,https://www.instagram.com/explore/locations/1030158107/techsource-systems/
nanotech-screen-protector,https://www.instagram.com/explore/locations/386139555068299/nanotech-screen-protector/
block-339-ubi-ave-1,https://www.instagram.com/explore/locations/488347238/block-339-ubi-ave-1/
deo-silver-pte-ltd-uniforms-manufacturer,https://www.instagram.com/explore/locations/329570127572298/deo-silver-pte-ltd-uniforms-manufacturer/
oleno-curtains-blinds,https://www.instagram.com/explore/locations/101128382429026/oleno-curtains-blinds/
ministry-of-robotics-workshopfactorylaboratory,https://www.instagram.com/explore/locations/1025845195/ministry-of-robotics-workshopfactorylaboratory/
blk-320,https://www.instagram.com/explore/locations/1398987220115450/blk-320/
favtech-studios,https://www.instagram.com/explore/locations/105093418114074/favtech-studios/
old-airport-road,https://www.instagram.com/explore/locations/658929406/old-airport-road/
concept-systems-technologies-pte-ltd,https://www.instagram.com/explore/locations/1144503395629046/concept-systems-technologies-pte-ltd/
69-ubi-crescent-ces-building,https://www.instagram.com/explore/locations/342022165/69-ubi-crescent-ces-building/
2b-printing-solutions-pte-ltd,https://www.instagram.com/explore/locations/1033720565/2b-printing-solutions-pte-ltd/
k2-sports-apparels,https://www.instagram.com/explore/locations/459920461/k2-sports-apparels/
indian-restaurant,https://www.instagram.com/explore/locations/1029588314/indian-restaurant/
55-ubi-avenue-1,https://www.instagram.com/explore/locations/386443682191318/55-ubi-avenue-1/
singapore-sports-school-sent-cuzzie-woodlands-otw,https://www.instagram.com/explore/locations/749240341/singapore-sports-school-sent-cuzzie-woodlands-otw/
mainsolutions-pte-ltd,https://www.instagram.com/explore/locations/627208070626706/mainsolutions-pte-ltd/
ubi-boyz-hq,https://www.instagram.com/explore/locations/1019124953/ubi-boyz-hq/
hemispheres-foundation,https://www.instagram.com/explore/locations/21055318696/hemispheres-foundation/
scott-talks-boxing,https://www.instagram.com/explore/locations/1311491805637948/scott-talks-boxing/
40-ubi-crescent,https://www.instagram.com/explore/locations/584073693/40-ubi-crescent/
sunday-laundry-pte-ltd,https://www.instagram.com/explore/locations/495674754132227/sunday-laundry-pte-ltd/
doctors-appointment,https://www.instagram.com/explore/locations/247506762603508/doctors-appointment/
the-famous-amos-chocolate-chip-cookie-singapore-pte-ltd,https://www.instagram.com/explore/locations/859848471016614/the-famous-amos-chocolate-chip-cookie-singapore-pte-ltd/
deli,https://www.instagram.com/explore/locations/794685850915393/deli/
cute-art-face-painting,https://www.instagram.com/explore/locations/344823505883077/cute-art-face-painting/
60-ubi-crescent,https://www.instagram.com/explore/locations/1012771975597180/60-ubi-crescent/
scube,https://www.instagram.com/explore/locations/1098630050210729/scube/
attune-corporate-services,https://www.instagram.com/explore/locations/116526458193659/attune-corporate-services/
playground-,https://www.instagram.com/explore/locations/71830966/playground-/
great-glory-church,https://www.instagram.com/explore/locations/110910870577148/great-glory-church/
zimbabwe,https://www.instagram.com/explore/locations/131236516945992/zimbabwe/
cy-auto-pte-ltd,https://www.instagram.com/explore/locations/553017658118629/cy-auto-pte-ltd/
blk-343-ubi-avenue-1,https://www.instagram.com/explore/locations/1320461791381146/blk-343-ubi-avenue-1/
team-work-garage,https://www.instagram.com/explore/locations/35700235/team-work-garage/
pie-traffic-jam,https://www.instagram.com/explore/locations/651472378/pie-traffic-jam/
four-seasonfortune-centre,https://www.instagram.com/explore/locations/219219141529560/four-seasonfortune-centre/
fong-kim-racing-development,https://www.instagram.com/explore/locations/848077946/fong-kim-racing-development/
botanica-culture,https://www.instagram.com/explore/locations/183212038476258/botanica-culture/
barstylez-events,https://www.instagram.com/explore/locations/263329327022648/barstylez-events/
eunos-ave-8a,https://www.instagram.com/explore/locations/304005416295560/eunos-ave-8a/
lkk-auto-consultant-pte-ltd,https://www.instagram.com/explore/locations/308918629193800/lkk-auto-consultant-pte-ltd/
geylang-lor-21,https://www.instagram.com/explore/locations/2209455369326194/geylang-lor-21/
singapore-freelance-film-crew,https://www.instagram.com/explore/locations/988971647/singapore-freelance-film-crew/
51-ubi-avenue-1,https://www.instagram.com/explore/locations/235376688/51-ubi-avenue-1/
soleil-crystals,https://www.instagram.com/explore/locations/110666654910941/soleil-crystals/
azaza,https://www.instagram.com/explore/locations/125475894702168/azaza/
vintage-gallery,https://www.instagram.com/explore/locations/591885097/vintage-gallery/
ruang-gelap,https://www.instagram.com/explore/locations/791032678/ruang-gelap/
blooms-by-m,https://www.instagram.com/explore/locations/100878556128378/blooms-by-m/
adventure-world,https://www.instagram.com/explore/locations/200088846757313/adventure-world/
imin,https://www.instagram.com/explore/locations/488141211592796/imin/
motovation-accessory,https://www.instagram.com/explore/locations/202974189714937/motovation-accessory/
jardine-onesolution,https://www.instagram.com/explore/locations/1033597747/jardine-onesolution/
enous-road-5-avenue-7,https://www.instagram.com/explore/locations/647970503/enous-road-5-avenue-7/
bop-hub,https://www.instagram.com/explore/locations/102921598617596/bop-hub/
alpine,https://www.instagram.com/explore/locations/909894246/alpine/
ju-shin-jung-korean-buffet,https://www.instagram.com/explore/locations/908062726/ju-shin-jung-korean-buffet/
alliancz-international-pte-ltd,https://www.instagram.com/explore/locations/222832627760299/alliancz-international-pte-ltd/
50-ubi-crescent-ubi-tech-park,https://www.instagram.com/explore/locations/284706930/50-ubi-crescent-ubi-tech-park/
stellar-pets,https://www.instagram.com/explore/locations/207672282965322/stellar-pets/
ok-shabu-shabu-hotpot,https://www.instagram.com/explore/locations/300577176653872/ok-shabu-shabu-hotpot/
emas-training-academy-simulation-centre,https://www.instagram.com/explore/locations/463517917/emas-training-academy-simulation-centre/
syurga-di-hati-kita,https://www.instagram.com/explore/locations/1020397481/syurga-di-hati-kita/
manjusri-sec-indoor-sport-hall,https://www.instagram.com/explore/locations/1012232664/manjusri-sec-indoor-sport-hall/
balong-motor-trading-co,https://www.instagram.com/explore/locations/7364946/balong-motor-trading-co/
nanstudio,https://www.instagram.com/explore/locations/354742675191953/nanstudio/
cytech,https://www.instagram.com/explore/locations/138132222400/cytech/
bucks,https://www.instagram.com/explore/locations/100448354947967/bucks/
super-modern,https://www.instagram.com/explore/locations/302148586548388/super-modern/
geylang-neighbourhood-police-centres,https://www.instagram.com/explore/locations/1991818707761102/geylang-neighbourhood-police-centres/
