cityname,url
boeing-singapore-training-flight-services-pte-ltd-30-changi-north-rise,https://www.instagram.com/explore/locations/239414063/boeing-singapore-training-flight-services-pte-ltd-30-changi-north-rise/
vicom-inspection-centre-changi-north,https://www.instagram.com/explore/locations/287449903/vicom-inspection-centre-changi-north/
boeing-training-flight-services,https://www.instagram.com/explore/locations/2925266/boeing-training-flight-services/
le-freeport-singapore,https://www.instagram.com/explore/locations/375219826271923/le-freeport-singapore/
thales-solutions-asia-pte-ltd,https://www.instagram.com/explore/locations/61390155/thales-solutions-asia-pte-ltd/
fitnessclub,https://www.instagram.com/explore/locations/113963181312275/fitnessclub/
rong-xin-food-court-cum-management-llp,https://www.instagram.com/explore/locations/301057456/rong-xin-food-court-cum-management-llp/
lhb-exhaust-motorsports-pte-ltd,https://www.instagram.com/explore/locations/60717503/lhb-exhaust-motorsports-pte-ltd/
the-singapore-freeport,https://www.instagram.com/explore/locations/3267426/the-singapore-freeport/
st-aerospace-services-company-sasco,https://www.instagram.com/explore/locations/47177170/st-aerospace-services-company-sasco/
omark-worldwide,https://www.instagram.com/explore/locations/179309429284753/omark-worldwide/
changi-north-way,https://www.instagram.com/explore/locations/444120990/changi-north-way/
kba-training-centre-pte-ltd,https://www.instagram.com/explore/locations/236143003/kba-training-centre-pte-ltd/
li-xin-food-court,https://www.instagram.com/explore/locations/43465363/li-xin-food-court/
schlumberger,https://www.instagram.com/explore/locations/1196299/schlumberger/
sats-maintenace-centre,https://www.instagram.com/explore/locations/847013772/sats-maintenace-centre/
grand-venture-technology-limited,https://www.instagram.com/explore/locations/1021237841/grand-venture-technology-limited/
changi-north,https://www.instagram.com/explore/locations/465613/changi-north/
12-changi-north-way-dhl,https://www.instagram.com/explore/locations/278987780/12-changi-north-way-dhl/
jalan-pernama,https://www.instagram.com/explore/locations/31444337/jalan-pernama/
cabulusan-magallanes-cavite,https://www.instagram.com/explore/locations/381952415215978/cabulusan-magallanes-cavite/
i-lofts-changi,https://www.instagram.com/explore/locations/2310934/i-lofts-changi/
maxcoil-sg,https://www.instagram.com/explore/locations/106914938523454/maxcoil-sg/
barnes-aerospace,https://www.instagram.com/explore/locations/1012146437/barnes-aerospace/
changi-north-street-2,https://www.instagram.com/explore/locations/1010840323/changi-north-street-2/
agility-5-changi-north,https://www.instagram.com/explore/locations/263650010/agility-5-changi-north/
le-freeport-singapore,https://www.instagram.com/explore/locations/204037066623902/le-freeport-singapore/
vicom-at-changi-north,https://www.instagram.com/explore/locations/1830730/vicom-at-changi-north/
bus-5,https://www.instagram.com/explore/locations/15856067/bus-5/
agility-internatiomal-logistics-hq,https://www.instagram.com/explore/locations/234750669/agility-internatiomal-logistics-hq/
apc-distrihub-changi-north,https://www.instagram.com/explore/locations/267910127/apc-distrihub-changi-north/
panalpina,https://www.instagram.com/explore/locations/16904302/panalpina/
somerset-313-marche,https://www.instagram.com/explore/locations/269794492/somerset-313-marche/
boeing-singapore-international-safety-training-center,https://www.instagram.com/explore/locations/698941589/boeing-singapore-international-safety-training-center/
changi-north-st-1,https://www.instagram.com/explore/locations/522314384/changi-north-st-1/
15-changi-north-st-1,https://www.instagram.com/explore/locations/203027903949142/15-changi-north-st-1/
agility-international-logistics-hq,https://www.instagram.com/explore/locations/5045050/agility-international-logistics-hq/
changi-north-rise,https://www.instagram.com/explore/locations/131420537545495/changi-north-rise/
changi-north-rise,https://www.instagram.com/explore/locations/351257376/changi-north-rise/
11-changi-north-st-1,https://www.instagram.com/explore/locations/2820112/11-changi-north-st-1/
dfs,https://www.instagram.com/explore/locations/1016827567/dfs/
dhl-supply-chain,https://www.instagram.com/explore/locations/256879569/dhl-supply-chain/
15-changi-north-street-1,https://www.instagram.com/explore/locations/606541004/15-changi-north-street-1/
12-changi-north-way,https://www.instagram.com/explore/locations/2171705/12-changi-north-way/
seamap,https://www.instagram.com/explore/locations/905966762939560/seamap/
boeing-singapore-training-centre,https://www.instagram.com/explore/locations/1712787295514843/boeing-singapore-training-centre/
changi-north-industrial-estate,https://www.instagram.com/explore/locations/8013537/changi-north-industrial-estate/
12-changi-north-way-panalpina,https://www.instagram.com/explore/locations/724956814205090/12-changi-north-way-panalpina/
isoteam-green-solutions,https://www.instagram.com/explore/locations/105312910824034/isoteam-green-solutions/
upper-changi-road-north,https://www.instagram.com/explore/locations/722453591/upper-changi-road-north/
thales-aerospace-asia-28,https://www.instagram.com/explore/locations/473046563184485/thales-aerospace-asia-28/
singapore-cable-landing-station,https://www.instagram.com/explore/locations/4404877/singapore-cable-landing-station/
sats-maintenance-centre,https://www.instagram.com/explore/locations/3900100/sats-maintenance-centre/
hermes-epitek-corporation-pte-ltd,https://www.instagram.com/explore/locations/857358544/hermes-epitek-corporation-pte-ltd/
aerospace-component-engineering,https://www.instagram.com/explore/locations/1028516335/aerospace-component-engineering/
boeing-center,https://www.instagram.com/explore/locations/940486598/boeing-center/
ingram-micro-warehouse,https://www.instagram.com/explore/locations/287053148573257/ingram-micro-warehouse/
japanese-schoolchangi,https://www.instagram.com/explore/locations/378178877/japanese-schoolchangi/
28-changi-north-rise,https://www.instagram.com/explore/locations/172997462759455/28-changi-north-rise/
21-changi-north-rise,https://www.instagram.com/explore/locations/728802806/21-changi-north-rise/
jxc-pte-ltd,https://www.instagram.com/explore/locations/271463113553010/jxc-pte-ltd/
i-loft-changi,https://www.instagram.com/explore/locations/336337401/i-loft-changi/
sq830,https://www.instagram.com/explore/locations/465482747/sq830/
nep-singapore-and-nep-india,https://www.instagram.com/explore/locations/721848801266210/nep-singapore-and-nep-india/
utc-aerospace-system-11-changi-north-rise,https://www.instagram.com/explore/locations/148120962269988/utc-aerospace-system-11-changi-north-rise/
ingram-micro,https://www.instagram.com/explore/locations/383592760/ingram-micro/
6-changi-north-way,https://www.instagram.com/explore/locations/322670180/6-changi-north-way/
65-changi-north-crescent,https://www.instagram.com/explore/locations/143500997/65-changi-north-crescent/
safran-electronics-asia,https://www.instagram.com/explore/locations/292639851345758/safran-electronics-asia/
jel-centre,https://www.instagram.com/explore/locations/172128709504363/jel-centre/
15-changi-north-way,https://www.instagram.com/explore/locations/16090787/15-changi-north-way/
etla-limited,https://www.instagram.com/explore/locations/812618020/etla-limited/
thales-aerospace-asia,https://www.instagram.com/explore/locations/466824438/thales-aerospace-asia/
world-courier,https://www.instagram.com/explore/locations/109717187521621/world-courier/
aftmkt-hq,https://www.instagram.com/explore/locations/94123281/aftmkt-hq/
agility-1changi-north-way,https://www.instagram.com/explore/locations/725464697/agility-1changi-north-way/
safran-electronics-asia,https://www.instagram.com/explore/locations/14261389/safran-electronics-asia/
changi-north,https://www.instagram.com/explore/locations/570543830106830/changi-north/
burger-king-changi-airport-terminal-1,https://www.instagram.com/explore/locations/340124106/burger-king-changi-airport-terminal-1/
5-changi-northway,https://www.instagram.com/explore/locations/1539547002965617/5-changi-northway/
ezy-corporation-singapore,https://www.instagram.com/explore/locations/336562833537491/ezy-corporation-singapore/
flextronics,https://www.instagram.com/explore/locations/1033588981/flextronics/
aureumaex-industries,https://www.instagram.com/explore/locations/1845577582373886/aureumaex-industries/
36-changi-north-crescent-schlumberger,https://www.instagram.com/explore/locations/310963280/36-changi-north-crescent-schlumberger/
aramex-international-logistic,https://www.instagram.com/explore/locations/156542431065505/aramex-international-logistic/
windsor-airmotive-asia,https://www.instagram.com/explore/locations/318509639/windsor-airmotive-asia/
sasco,https://www.instagram.com/explore/locations/820532343/sasco/
world-courier,https://www.instagram.com/explore/locations/608343926/world-courier/
hankyu-hanshin-changi-north-way,https://www.instagram.com/explore/locations/1017960985/hankyu-hanshin-changi-north-way/
15-changi-north-st-1,https://www.instagram.com/explore/locations/1560212/15-changi-north-st-1/
agility-project-logistics,https://www.instagram.com/explore/locations/17164705/agility-project-logistics/
changi-north-street-1-bus-stop,https://www.instagram.com/explore/locations/638064963256291/changi-north-street-1-bus-stop/
lifestyle-bike-n-skate-pte-ltd,https://www.instagram.com/explore/locations/982976452/lifestyle-bike-n-skate-pte-ltd/
ezy-corporation,https://www.instagram.com/explore/locations/1034220195/ezy-corporation/
?locale=en_US,https://help.instagram.com/581066165581870/?locale=en_US
accesstech-engineering-pte-ltd,https://www.instagram.com/explore/locations/276143949069107/accesstech-engineering-pte-ltd/
mediapro-av-singapore,https://www.instagram.com/explore/locations/1596761917252402/mediapro-av-singapore/
st-aerospace-sasco-changi,https://www.instagram.com/explore/locations/274685852/st-aerospace-sasco-changi/
1-changi-north-street-1,https://www.instagram.com/explore/locations/1896927570376161/1-changi-north-street-1/
mil-com-aerospace-training-centre,https://www.instagram.com/explore/locations/442489680/mil-com-aerospace-training-centre/
kumpulan-development-s-pte-ltd,https://www.instagram.com/explore/locations/445081069281430/kumpulan-development-s-pte-ltd/
setsco-aerospace-testing-center,https://www.instagram.com/explore/locations/1029347857/setsco-aerospace-testing-center/
gsh-centre-11-changi-north-way,https://www.instagram.com/explore/locations/1028067524/gsh-centre-11-changi-north-way/
1-changi-north-rise,https://www.instagram.com/explore/locations/15518915/1-changi-north-rise/
40-changi-north-cresent,https://www.instagram.com/explore/locations/1009048489/40-changi-north-cresent/
setsco-changi-calibration-laboratory-setsco-aerospace-vicom,https://www.instagram.com/explore/locations/1014992327/setsco-changi-calibration-laboratory-setsco-aerospace-vicom/
icc-2-catering,https://www.instagram.com/explore/locations/134388803357567/icc-2-catering/
denselight-semiconductors-pte-ltd,https://www.instagram.com/explore/locations/144380725626491/denselight-semiconductors-pte-ltd/
thales,https://www.instagram.com/explore/locations/551163508/thales/
singapore-cable-landing-station,https://www.instagram.com/explore/locations/508667659610444/singapore-cable-landing-station/
barnes-aerospace-oem,https://www.instagram.com/explore/locations/523431104/barnes-aerospace-oem/
autosaver,https://www.instagram.com/explore/locations/733531413514188/autosaver/
sg-flight-simulations,https://www.instagram.com/explore/locations/501549386981230/sg-flight-simulations/
reban-ayam,https://www.instagram.com/explore/locations/1018691270/reban-ayam/
east-chem-pte-ltd,https://www.instagram.com/explore/locations/101165038334731/east-chem-pte-ltd/
apc-distributors-pte-ltd,https://www.instagram.com/explore/locations/7298346/apc-distributors-pte-ltd/
changi-prison-run,https://www.instagram.com/explore/locations/401475696/changi-prison-run/
apc-distrihub,https://www.instagram.com/explore/locations/133833752/apc-distrihub/
jakarta,https://www.instagram.com/explore/locations/308568004/jakarta/
your-moms-house,https://www.instagram.com/explore/locations/200918959918539/your-moms-house/
posturecare-mattress-gallery,https://www.instagram.com/explore/locations/539455386090674/posturecare-mattress-gallery/
tans-family,https://www.instagram.com/explore/locations/274270083218453/tans-family/
zebra-technology,https://www.instagram.com/explore/locations/250898542221625/zebra-technology/
denselight-semiconductors-pte-ltd,https://www.instagram.com/explore/locations/637041223313402/denselight-semiconductors-pte-ltd/
milcom-canteen-changi-north-st-1,https://www.instagram.com/explore/locations/298865928/milcom-canteen-changi-north-st-1/
alteon-boeing-centre,https://www.instagram.com/explore/locations/456125949/alteon-boeing-centre/
st-aerospace-services-co-pte-ltd,https://www.instagram.com/explore/locations/366605668/st-aerospace-services-co-pte-ltd/
ums-singapore,https://www.instagram.com/explore/locations/1028702740/ums-singapore/
seamap,https://www.instagram.com/explore/locations/74113172/seamap/
moozzz,https://www.instagram.com/explore/locations/106432437387950/moozzz/
ppc-schlumberger-singapore,https://www.instagram.com/explore/locations/647888997/ppc-schlumberger-singapore/
swensens,https://www.instagram.com/explore/locations/410302413/swensens/
crystal-jade-tampines,https://www.instagram.com/explore/locations/405005534/crystal-jade-tampines/
bus-stop-97011-outside-japanese-school,https://www.instagram.com/explore/locations/416322522236934/bus-stop-97011-outside-japanese-school/
upper-changi-road-1,https://www.instagram.com/explore/locations/2537633532931854/upper-changi-road-1/
23-changi-north-crescent,https://www.instagram.com/explore/locations/35880526/23-changi-north-crescent/
agility-building,https://www.instagram.com/explore/locations/191932410837098/agility-building/
office-buddy,https://www.instagram.com/explore/locations/248174518962236/office-buddy/
ace-services,https://www.instagram.com/explore/locations/323400388213800/ace-services/
degrille,https://www.instagram.com/explore/locations/233642644138311/degrille/
vicom-changi,https://www.instagram.com/explore/locations/697123255/vicom-changi/
plane-spotting-the-mound,https://www.instagram.com/explore/locations/380570212671169/plane-spotting-the-mound/
icc1-multi-purpose-hall,https://www.instagram.com/explore/locations/382691788466154/icc1-multi-purpose-hall/
the-japanese-school-summer-festival-2011,https://www.instagram.com/explore/locations/377831593/the-japanese-school-summer-festival-2011/
3-changi-north-st-1,https://www.instagram.com/explore/locations/1015564900/3-changi-north-st-1/
alteon-boeing-spore-training-centre,https://www.instagram.com/explore/locations/1025498187/alteon-boeing-spore-training-centre/
sm-sta-rosa-laguna,https://www.instagram.com/explore/locations/1019299350/sm-sta-rosa-laguna/
no-more-pain,https://www.instagram.com/explore/locations/1850668768324316/no-more-pain/
kyou-smart,https://www.instagram.com/explore/locations/101956072532022/kyou-smart/
36-changi-north-crescent,https://www.instagram.com/explore/locations/277275614/36-changi-north-crescent/
kb-access-pte-ltd,https://www.instagram.com/explore/locations/353860198/kb-access-pte-ltd/
nghien-xam-hinh,https://www.instagram.com/explore/locations/101248009270876/nghien-xam-hinh/
lime,https://www.instagram.com/explore/locations/106478158412133/lime/
hafary-changi-warehoure,https://www.instagram.com/explore/locations/1023226203/hafary-changi-warehoure/
cheng-heng-warehse,https://www.instagram.com/explore/locations/131746027028571/cheng-heng-warehse/
smc-2,https://www.instagram.com/explore/locations/193355734038307/smc-2/
hamilton-sundstrand-aerospace,https://www.instagram.com/explore/locations/141800302550679/hamilton-sundstrand-aerospace/
iso-team,https://www.instagram.com/explore/locations/132871906801320/iso-team/
dhalia-park,https://www.instagram.com/explore/locations/302986093/dhalia-park/
air-france-a380,https://www.instagram.com/explore/locations/749390667/air-france-a380/
thales-solution-asia-pte-ltd,https://www.instagram.com/explore/locations/346005307/thales-solution-asia-pte-ltd/
upper-changi-north-street-1,https://www.instagram.com/explore/locations/161267830593333/upper-changi-north-street-1/
autosaver,https://www.instagram.com/explore/locations/114863875328308/autosaver/
etihad-airport-office,https://www.instagram.com/explore/locations/316200288964172/etihad-airport-office/
25-changi-north-crescent,https://www.instagram.com/explore/locations/155971617790091/25-changi-north-crescent/
atomic-performance-tuning,https://www.instagram.com/explore/locations/250749991663762/atomic-performance-tuning/
les-parfum,https://www.instagram.com/explore/locations/183065848899710/les-parfum/
1-changi-north-rise,https://www.instagram.com/explore/locations/256702798298608/1-changi-north-rise/
smc-gym,https://www.instagram.com/explore/locations/716350107/smc-gym/
giant-slide-at-changi-airport,https://www.instagram.com/explore/locations/790713333/giant-slide-at-changi-airport/
schlumberger-singapore,https://www.instagram.com/explore/locations/189087227792126/schlumberger-singapore/
21-changi-north-rise,https://www.instagram.com/explore/locations/447618012429187/21-changi-north-rise/
jasina-cosmetics-pte-ltd,https://www.instagram.com/explore/locations/196152043746382/jasina-cosmetics-pte-ltd/
ace-services,https://www.instagram.com/explore/locations/200163439994791/ace-services/
juroung-east-street-21,https://www.instagram.com/explore/locations/399910570044155/juroung-east-street-21/
11-changi-north-way,https://www.instagram.com/explore/locations/797159977/11-changi-north-way/
anslem-logistics-pte-ltd-changi-north-way,https://www.instagram.com/explore/locations/222883744464682/anslem-logistics-pte-ltd-changi-north-way/
10-upper-changi-north-road,https://www.instagram.com/explore/locations/190404717660957/10-upper-changi-north-road/
aftmkt-hq,https://www.instagram.com/explore/locations/462421507138880/aftmkt-hq/
ace-parker,https://www.instagram.com/explore/locations/200089856697346/ace-parker/
ite-college-east-b03-20,https://www.instagram.com/explore/locations/88631032/ite-college-east-b03-20/
utc-aerospace-system-changi-singapore,https://www.instagram.com/explore/locations/381574750/utc-aerospace-system-changi-singapore/
yishum-healthway-medical-clinic,https://www.instagram.com/explore/locations/261108507927683/yishum-healthway-medical-clinic/
malca-amit-singapore,https://www.instagram.com/explore/locations/319478185595487/malca-amit-singapore/
sats-maintenance-centre,https://www.instagram.com/explore/locations/501679090328630/sats-maintenance-centre/
mic-cafe,https://www.instagram.com/explore/locations/52600629/mic-cafe/
shun-yi-cheng-contract-engineering-pte-ltd,https://www.instagram.com/explore/locations/262988487048766/shun-yi-cheng-contract-engineering-pte-ltd/
panalpina-world-transport-sg,https://www.instagram.com/explore/locations/829326930601644/panalpina-world-transport-sg/
bus-stop-97019-salvation-army,https://www.instagram.com/explore/locations/44760888/bus-stop-97019-salvation-army/
punggol-edgefield-plains,https://www.instagram.com/explore/locations/321715213/punggol-edgefield-plains/
sbs-bus-5,https://www.instagram.com/explore/locations/46364402/sbs-bus-5/
changi-airport-t1-ruyi,https://www.instagram.com/explore/locations/404715715/changi-airport-t1-ruyi/
long-hee-seafood,https://www.instagram.com/explore/locations/1796152820661430/long-hee-seafood/
ingram-micro-distribution-centre,https://www.instagram.com/explore/locations/376617796539160/ingram-micro-distribution-centre/
silk-air-mi633,https://www.instagram.com/explore/locations/407205682657891/silk-air-mi633/
setsco-aerospace-testing-center,https://www.instagram.com/explore/locations/2125737400810936/setsco-aerospace-testing-center/
6-changi-north,https://www.instagram.com/explore/locations/1027408370/6-changi-north/
schlumberger,https://www.instagram.com/explore/locations/949671428561759/schlumberger/
nmp,https://www.instagram.com/explore/locations/2094084747473226/nmp/
international-business-center,https://www.instagram.com/explore/locations/818754558179388/international-business-center/
okaya-cambodia,https://www.instagram.com/explore/locations/666468653852508/okaya-cambodia/
design-18-pte-ltd,https://www.instagram.com/explore/locations/1740857922827387/design-18-pte-ltd/
13-jalan-pernama-upper-changi-road-singapore,https://www.instagram.com/explore/locations/1014294915/13-jalan-pernama-upper-changi-road-singapore/
starhub-cable-station,https://www.instagram.com/explore/locations/1026650440/starhub-cable-station/
beside-changi-prison,https://www.instagram.com/explore/locations/106179816130632/beside-changi-prison/
juan-kuang-pte-ltd,https://www.instagram.com/explore/locations/1002808787/juan-kuang-pte-ltd/
hwee-hee-seafood,https://www.instagram.com/explore/locations/1029491418/hwee-hee-seafood/
changi-north-food-court,https://www.instagram.com/explore/locations/149618368440863/changi-north-food-court/
jollibee-balibago-complex,https://www.instagram.com/explore/locations/139313839468386/jollibee-balibago-complex/
sheng-keong-construction-pte-ltd,https://www.instagram.com/explore/locations/100268542694314/sheng-keong-construction-pte-ltd/
st-aerospace-changi,https://www.instagram.com/explore/locations/1035139629/st-aerospace-changi/
28-changi-north-rise,https://www.instagram.com/explore/locations/506733698/28-changi-north-rise/
agility-international-logistics-cn6,https://www.instagram.com/explore/locations/470824623/agility-international-logistics-cn6/
rong-xin-food-court,https://www.instagram.com/explore/locations/2552596238146053/rong-xin-food-court/
