cityname,url
collab,https://www.instagram.com/explore/locations/109920613948719/collab/
comfortdelgro-driving-centre,https://www.instagram.com/explore/locations/282932689127469/comfortdelgro-driving-centre/
saturday-house,https://www.instagram.com/explore/locations/453214542/saturday-house/
comfort-driving-centre,https://www.instagram.com/explore/locations/226947920/comfort-driving-centre/
coatconut,https://www.instagram.com/explore/locations/183207705604421/coatconut/
singapore-civil-defence-force,https://www.instagram.com/explore/locations/217453726/singapore-civil-defence-force/
paya-lebar-fire-station,https://www.instagram.com/explore/locations/253751524/paya-lebar-fire-station/
fei-zhu-lok-lok,https://www.instagram.com/explore/locations/101493105241806/fei-zhu-lok-lok/
charles-keith-head-office-building,https://www.instagram.com/explore/locations/1614701/charles-keith-head-office-building/
chun-tsubaki,https://www.instagram.com/explore/locations/186078571939637/chun-tsubaki/
zervex-no-8-ubi-rd-2,https://www.instagram.com/explore/locations/4778896/zervex-no-8-ubi-rd-2/
hong-san-temple,https://www.instagram.com/explore/locations/1783609511942070/hong-san-temple/
hougang-sports-hall,https://www.instagram.com/explore/locations/347028075/hougang-sports-hall/
dhl-express-hq-tai-seng-road,https://www.instagram.com/explore/locations/407669389/dhl-express-hq-tai-seng-road/
ubi-avenue-4,https://www.instagram.com/explore/locations/1056941/ubi-avenue-4/
charles-keith,https://www.instagram.com/explore/locations/2112017708885669/charles-keith/
tai-seng-ave,https://www.instagram.com/explore/locations/148085655/tai-seng-ave/
parched-by-parchmen,https://www.instagram.com/explore/locations/106905814778128/parched-by-parchmen/
dhl-air-express-centre,https://www.instagram.com/explore/locations/1509265/dhl-air-express-centre/
nutrifirst,https://www.instagram.com/explore/locations/45193569/nutrifirst/
hq-scdf,https://www.instagram.com/explore/locations/1103354/hq-scdf/
recess-time,https://www.instagram.com/explore/locations/100282532837593/recess-time/
daiyusan-sushi-bar,https://www.instagram.com/explore/locations/108288788320176/daiyusan-sushi-bar/
racing-world,https://www.instagram.com/explore/locations/319741695/racing-world/
singtel-kim-chuan-datacenter,https://www.instagram.com/explore/locations/280451938/singtel-kim-chuan-datacenter/
10-kaki-bukit-rd-2-first-east-centre,https://www.instagram.com/explore/locations/222528575/10-kaki-bukit-rd-2-first-east-centre/
heaven-of-earth,https://www.instagram.com/explore/locations/701177209906436/heaven-of-earth/
ultimate-sup,https://www.instagram.com/explore/locations/110084777009522/ultimate-sup/
mount-vernon-singapore,https://www.instagram.com/explore/locations/274997188/mount-vernon-singapore/
cellarbration-singapore,https://www.instagram.com/explore/locations/367623146651026/cellarbration-singapore/
skm,https://www.instagram.com/explore/locations/280661905/skm/
1010-eating-house,https://www.instagram.com/explore/locations/261295468/1010-eating-house/
maestro-guitars,https://www.instagram.com/explore/locations/25059681183/maestro-guitars/
cheerforce-singapore,https://www.instagram.com/explore/locations/761330317310351/cheerforce-singapore/
home-fix-singapore,https://www.instagram.com/explore/locations/279899766/home-fix-singapore/
hello-group,https://www.instagram.com/explore/locations/658725587/hello-group/
mazda-ubi,https://www.instagram.com/explore/locations/263748995/mazda-ubi/
hq-scdf-ubi-avenue-4,https://www.instagram.com/explore/locations/242141798/hq-scdf-ubi-avenue-4/
port-26-by-chu-yi-kitchen,https://www.instagram.com/explore/locations/104950694804834/port-26-by-chu-yi-kitchen/
mcs-garage,https://www.instagram.com/explore/locations/243544097/mcs-garage/
honda-service-center,https://www.instagram.com/explore/locations/6534571/honda-service-center/
the-original-starbucks-pikes-placeseattle-wa,https://www.instagram.com/explore/locations/188553074569956/the-original-starbucks-pikes-placeseattle-wa/
mr-yakiniku,https://www.instagram.com/explore/locations/114544311239148/mr-yakiniku/
telescope-studios,https://www.instagram.com/explore/locations/844055432321551/telescope-studios/
arc-motorworks,https://www.instagram.com/explore/locations/108533911447927/arc-motorworks/
adidas-singapore,https://www.instagram.com/explore/locations/405797900240223/adidas-singapore/
old-trafford-stadium-manchester-england,https://www.instagram.com/explore/locations/265063456/old-trafford-stadium-manchester-england/
cagbalete-island-philipines,https://www.instagram.com/explore/locations/670448716304606/cagbalete-island-philipines/
trapo-singapore,https://www.instagram.com/explore/locations/104482918371692/trapo-singapore/
1969-sung-beng-auto,https://www.instagram.com/explore/locations/196988200336277/1969-sung-beng-auto/
boon-siew-singapore-honda,https://www.instagram.com/explore/locations/1016218176/boon-siew-singapore-honda/
scoopy,https://www.instagram.com/explore/locations/254052218001778/scoopy/
sweet-talk,https://www.instagram.com/explore/locations/442375449/sweet-talk/
botak-jones-restaurant,https://www.instagram.com/explore/locations/146624958747281/botak-jones-restaurant/
free-space-intent,https://www.instagram.com/explore/locations/413874316/free-space-intent/
novena-medical-centre,https://www.instagram.com/explore/locations/171313123553611/novena-medical-centre/
9-kakit-bukit-road-2-gordon-warehouse-building,https://www.instagram.com/explore/locations/253507775/9-kakit-bukit-road-2-gordon-warehouse-building/
defu-lane-12,https://www.instagram.com/explore/locations/263595033/defu-lane-12/
zener-maritime-solutions,https://www.instagram.com/explore/locations/321323634962047/zener-maritime-solutions/
comfort-delgro-driving-centre,https://www.instagram.com/explore/locations/1027072411/comfort-delgro-driving-centre/
spray-alchemy,https://www.instagram.com/explore/locations/346136889309649/spray-alchemy/
u-elite-martial-fitness,https://www.instagram.com/explore/locations/1030518548/u-elite-martial-fitness/
charles-keith-hq,https://www.instagram.com/explore/locations/921490128016955/charles-keith-hq/
179-ubi-ave-4,https://www.instagram.com/explore/locations/190349625199625/179-ubi-ave-4/
oxley-bizhub,https://www.instagram.com/explore/locations/858377337630972/oxley-bizhub/
driving-centre-ubi,https://www.instagram.com/explore/locations/481220306/driving-centre-ubi/
91-ubi-ave-4-dart-base,https://www.instagram.com/explore/locations/213468726/91-ubi-ave-4-dart-base/
bikeworkz,https://www.instagram.com/explore/locations/352436368/bikeworkz/
auto-spritze-pte-ltd,https://www.instagram.com/explore/locations/476702378/auto-spritze-pte-ltd/
kah-motor-co-sdn-bhd-honda,https://www.instagram.com/explore/locations/515629865/kah-motor-co-sdn-bhd-honda/
scdf-paya-lebar-hq,https://www.instagram.com/explore/locations/257495926/scdf-paya-lebar-hq/
deutsche-telekom-centre,https://www.instagram.com/explore/locations/459310/deutsche-telekom-centre/
first-east-centre,https://www.instagram.com/explore/locations/6094888/first-east-centre/
print-market,https://www.instagram.com/explore/locations/100131925011017/print-market/
carle-custom-built-rides,https://www.instagram.com/explore/locations/1025148367/carle-custom-built-rides/
rock-haven-studio-sg,https://www.instagram.com/explore/locations/106310178559046/rock-haven-studio-sg/
bond2shine,https://www.instagram.com/explore/locations/100283425398250/bond2shine/
vertex-tower-a,https://www.instagram.com/explore/locations/166665050943140/vertex-tower-a/
comfort-delgro-driving-centre-cdc,https://www.instagram.com/explore/locations/261530374/comfort-delgro-driving-centre-cdc/
ola-home,https://www.instagram.com/explore/locations/101923401647189/ola-home/
comfort-delgro-driving-centre-ubi,https://www.instagram.com/explore/locations/265680928/comfort-delgro-driving-centre-ubi/
cdc-ubi-practical-lesson-slots,https://www.instagram.com/explore/locations/105035578419095/cdc-ubi-practical-lesson-slots/
applied-performance,https://www.instagram.com/explore/locations/24187765/applied-performance/
octopus-building,https://www.instagram.com/explore/locations/536856236/octopus-building/
esn-decor,https://www.instagram.com/explore/locations/104617328581971/esn-decor/
forward-auto-sg,https://www.instagram.com/explore/locations/117755013393558/forward-auto-sg/
res,https://www.instagram.com/explore/locations/110251203787850/res/
bartley-road-flyover,https://www.instagram.com/explore/locations/281138333/bartley-road-flyover/
361-ubi-road-3,https://www.instagram.com/explore/locations/298088039/361-ubi-road-3/
pixel-mechanics,https://www.instagram.com/explore/locations/752352741789090/pixel-mechanics/
whiteluz,https://www.instagram.com/explore/locations/100521925324473/whiteluz/
jr-pte-ltd,https://www.instagram.com/explore/locations/688773183/jr-pte-ltd/
sozo,https://www.instagram.com/explore/locations/1015460133/sozo/
tai-seng-drive,https://www.instagram.com/explore/locations/584349085332500/tai-seng-drive/
d-editors-pte-ltd,https://www.instagram.com/explore/locations/312022806021937/d-editors-pte-ltd/
kim-chuan-telecommunications-complex,https://www.instagram.com/explore/locations/226334387/kim-chuan-telecommunications-complex/
-,https://www.instagram.com/explore/locations/1018091846/-/
scdf,https://www.instagram.com/explore/locations/1013164640/scdf/
kaki-bukit-rd-2,https://www.instagram.com/explore/locations/244296334/kaki-bukit-rd-2/
tai-seng-drive,https://www.instagram.com/explore/locations/3946735/tai-seng-drive/
man-exhaust-werkz,https://www.instagram.com/explore/locations/642488842600551/man-exhaust-werkz/
charles-and-keith-headquaters,https://www.instagram.com/explore/locations/244159283/charles-and-keith-headquaters/
the-corporate,https://www.instagram.com/explore/locations/109789748248242/the-corporate/
opel-auto-germany-pte-ltd,https://www.instagram.com/explore/locations/372041902859065/opel-auto-germany-pte-ltd/
dhl-express-country-office,https://www.instagram.com/explore/locations/284703592/dhl-express-country-office/
signature-detailing-sg,https://www.instagram.com/explore/locations/108642364700363/signature-detailing-sg/
marina-garden-drive,https://www.instagram.com/explore/locations/736747741/marina-garden-drive/
comfortdelgro-driving-centre-ubi,https://www.instagram.com/explore/locations/252509929/comfortdelgro-driving-centre-ubi/
casa-concetto,https://www.instagram.com/explore/locations/107256278591273/casa-concetto/
madripur-bangladesh,https://www.instagram.com/explore/locations/220238421370941/madripur-bangladesh/
worx-motorsports,https://www.instagram.com/explore/locations/23056963/worx-motorsports/
singapore-electric-vehicles,https://www.instagram.com/explore/locations/1092885764110482/singapore-electric-vehicles/
motorist-singapore,https://www.instagram.com/explore/locations/990438867657391/motorist-singapore/
xpc,https://www.instagram.com/explore/locations/1100081353398603/xpc/
fencing-masters-singapore,https://www.instagram.com/explore/locations/330411385/fencing-masters-singapore/
empire-spray-werkz,https://www.instagram.com/explore/locations/100200051750835/empire-spray-werkz/
aegis-building-engineering-pte-ltd,https://www.instagram.com/explore/locations/2057981251093791/aegis-building-engineering-pte-ltd/
visionary-interior,https://www.instagram.com/explore/locations/1757713527824267/visionary-interior/
sunway-lagoon-kuala-lumpur,https://www.instagram.com/explore/locations/257877467/sunway-lagoon-kuala-lumpur/
gforce-autotechnik,https://www.instagram.com/explore/locations/1831005380497439/gforce-autotechnik/
global-switch-property-spore,https://www.instagram.com/explore/locations/645909495853535/global-switch-property-spore/
liqui-moly-singapore,https://www.instagram.com/explore/locations/754251424694418/liqui-moly-singapore/
6-tai-seng-link,https://www.instagram.com/explore/locations/265726510/6-tai-seng-link/
geo-tele-center,https://www.instagram.com/explore/locations/291982525/geo-tele-center/
tai-hin-enterprise-co,https://www.instagram.com/explore/locations/15842436/tai-hin-enterprise-co/
ruby-warehouse-complex,https://www.instagram.com/explore/locations/20676349/ruby-warehouse-complex/
trans-eurokars-mazda-ubi,https://www.instagram.com/explore/locations/310569589/trans-eurokars-mazda-ubi/
octopus-distribution-networks,https://www.instagram.com/explore/locations/1151421838215263/octopus-distribution-networks/
nuven-medica,https://www.instagram.com/explore/locations/1937867149800821/nuven-medica/
yf-productions-yf-performing-arts-troupe,https://www.instagram.com/explore/locations/398277183581561/yf-productions-yf-performing-arts-troupe/
res-building-tai-seng-street,https://www.instagram.com/explore/locations/614488364/res-building-tai-seng-street/
ubi-ave-4,https://www.instagram.com/explore/locations/2154295/ubi-ave-4/
tata-communications-exchange,https://www.instagram.com/explore/locations/280386584/tata-communications-exchange/
mirage-motorwerkz-pte-ltd,https://www.instagram.com/explore/locations/504028374/mirage-motorwerkz-pte-ltd/
ruby-warehouse-complex8-kaki-bukit-rd-2,https://www.instagram.com/explore/locations/1958374524463812/ruby-warehouse-complex8-kaki-bukit-rd-2/
mercedes-benz,https://www.instagram.com/explore/locations/278195508/mercedes-benz/
chen-jin-trading,https://www.instagram.com/explore/locations/284664206/chen-jin-trading/
werkz-studio-photography,https://www.instagram.com/explore/locations/999215476831567/werkz-studio-photography/
shanghai,https://www.instagram.com/explore/locations/106473968073592/shanghai/
clamps-braces,https://www.instagram.com/explore/locations/540026063108667/clamps-braces/
dhl-tai-seng,https://www.instagram.com/explore/locations/2282023/dhl-tai-seng/
ao-ankarsrum-singapore,https://www.instagram.com/explore/locations/592602280930462/ao-ankarsrum-singapore/
spireworks,https://www.instagram.com/explore/locations/53764723/spireworks/
addictedtoblacksg,https://www.instagram.com/explore/locations/103281412200669/addictedtoblacksg/
cdc-ubi-driving-center,https://www.instagram.com/explore/locations/732351578/cdc-ubi-driving-center/
home-fix-diy-pte-ltd-19-tai-seng-ave,https://www.instagram.com/explore/locations/287056645/home-fix-diy-pte-ltd-19-tai-seng-ave/
the-islamic-decor-by-inked-industries,https://www.instagram.com/explore/locations/523100877786668/the-islamic-decor-by-inked-industries/
ubi-biz-hub-level-4-ban-leong-technologies-limited,https://www.instagram.com/explore/locations/267193431/ubi-biz-hub-level-4-ban-leong-technologies-limited/
meyer-motors,https://www.instagram.com/explore/locations/104949297936155/meyer-motors/
bartley-road-east,https://www.instagram.com/explore/locations/256069980/bartley-road-east/
chinta-weddings-pte-ltd-at-no-8-kaki-bukit-rd-2-ruby-warehouse-complex,https://www.instagram.com/explore/locations/388088536/chinta-weddings-pte-ltd-at-no-8-kaki-bukit-rd-2-ruby-warehouse-complex/
tai-seng-facility-building,https://www.instagram.com/explore/locations/1030360654/tai-seng-facility-building/
ichiban-bento,https://www.instagram.com/explore/locations/616626555439301/ichiban-bento/
mon-chouchou,https://www.instagram.com/explore/locations/1013466350/mon-chouchou/
bike-image-sg,https://www.instagram.com/explore/locations/34183392/bike-image-sg/
no-5-kaki-bukit-rd-2-city-warehouse,https://www.instagram.com/explore/locations/264535572/no-5-kaki-bukit-rd-2-city-warehouse/
extra-space-asia-self-storage,https://www.instagram.com/explore/locations/1015781485220250/extra-space-asia-self-storage/
parallel-parking,https://www.instagram.com/explore/locations/179500912118051/parallel-parking/
blum-spore-showroom,https://www.instagram.com/explore/locations/205504726132306/blum-spore-showroom/
house-of-planners-pte-ltd,https://www.instagram.com/explore/locations/178524198899768/house-of-planners-pte-ltd/
cdc-ubi-driving-centre,https://www.instagram.com/explore/locations/428715225/cdc-ubi-driving-centre/
zervex,https://www.instagram.com/explore/locations/4923461/zervex/
charles-keith-head-office-building,https://www.instagram.com/explore/locations/273294686859721/charles-keith-head-office-building/
aureus-academy,https://www.instagram.com/explore/locations/139290576705515/aureus-academy/
neon,https://www.instagram.com/explore/locations/405030936776181/neon/
gong-defense-academy,https://www.instagram.com/explore/locations/304678140472520/gong-defense-academy/
toppan-security-printing,https://www.instagram.com/explore/locations/9934479/toppan-security-printing/
19-tai-seng-avenue,https://www.instagram.com/explore/locations/292022237/19-tai-seng-avenue/
paya-lebar-fire-station-stn-21,https://www.instagram.com/explore/locations/376730827/paya-lebar-fire-station-stn-21/
singapore-civil-defence-force,https://www.instagram.com/explore/locations/226248917/singapore-civil-defence-force/
koh-phangan,https://www.instagram.com/explore/locations/240490535/koh-phangan/
kah-motors-sdn-bhd,https://www.instagram.com/explore/locations/243758269528917/kah-motors-sdn-bhd/
the-idea-lab,https://www.instagram.com/explore/locations/243767079/the-idea-lab/
commontown,https://www.instagram.com/explore/locations/428751189/commontown/
hipposign-singapore-signage,https://www.instagram.com/explore/locations/307239893197107/hipposign-singapore-signage/
empire-garage,https://www.instagram.com/explore/locations/1014907120/empire-garage/
kim-chuan-eating-house,https://www.instagram.com/explore/locations/263493981017141/kim-chuan-eating-house/
kaki-bukit-extra-space,https://www.instagram.com/explore/locations/275722818/kaki-bukit-extra-space/
bishan-st-24,https://www.instagram.com/explore/locations/349296770/bishan-st-24/
the-castile-soap-shop,https://www.instagram.com/explore/locations/315353195477869/the-castile-soap-shop/
j-team-productions-neo-studios,https://www.instagram.com/explore/locations/885545545/j-team-productions-neo-studios/
honda-singapore,https://www.instagram.com/explore/locations/167997316585763/honda-singapore/
lotus-desaru-beach-resort-pte-ltd,https://www.instagram.com/explore/locations/224643415/lotus-desaru-beach-resort-pte-ltd/
foodlinesg,https://www.instagram.com/explore/locations/211210475167/foodlinesg/
skm-motorworks,https://www.instagram.com/explore/locations/15350912/skm-motorworks/
quad-force-auto-pte-ltd,https://www.instagram.com/explore/locations/113441397229881/quad-force-auto-pte-ltd/
eu-yan-sang-centre,https://www.instagram.com/explore/locations/1023226929/eu-yan-sang-centre/
pirates-creation-dippinsg,https://www.instagram.com/explore/locations/1018399615/pirates-creation-dippinsg/
daiyusan-sushi-bar,https://www.instagram.com/explore/locations/101230302538334/daiyusan-sushi-bar/
sp-homes,https://www.instagram.com/explore/locations/873244719705006/sp-homes/
tangga,https://www.instagram.com/explore/locations/889964156/tangga/
pan-pacific-hotel-singapore,https://www.instagram.com/explore/locations/270579829/pan-pacific-hotel-singapore/
dart-base,https://www.instagram.com/explore/locations/5518598/dart-base/
the-wizard-of-oz-the-wizard-shoes,https://www.instagram.com/explore/locations/1019413433/the-wizard-of-oz-the-wizard-shoes/
fang-handmade-curry-puff,https://www.instagram.com/explore/locations/103873921804752/fang-handmade-curry-puff/
wct-s-systems-pte-ltd,https://www.instagram.com/explore/locations/141128419915600/wct-s-systems-pte-ltd/
25-tai-seng-ave,https://www.instagram.com/explore/locations/698345650/25-tai-seng-ave/
pikku-play,https://www.instagram.com/explore/locations/101843815195055/pikku-play/
gordon-warehouse-building,https://www.instagram.com/explore/locations/300107100716285/gordon-warehouse-building/
9-tai-seng-drive,https://www.instagram.com/explore/locations/3914173/9-tai-seng-drive/
starhub,https://www.instagram.com/explore/locations/355206538619057/starhub/
19-tai-seng-drive-starhub,https://www.instagram.com/explore/locations/273906068/19-tai-seng-drive-starhub/
united-pharma,https://www.instagram.com/explore/locations/435174806991175/united-pharma/
puretech-engineering-pte-ltd,https://www.instagram.com/explore/locations/2055898314531262/puretech-engineering-pte-ltd/
global-citizen-forum,https://www.instagram.com/explore/locations/1016057610/global-citizen-forum/
dhl-suppy-chain,https://www.instagram.com/explore/locations/285158934/dhl-suppy-chain/
bond-2-shine,https://www.instagram.com/explore/locations/101286348606617/bond-2-shine/
aka-ming-ji-mushroom-minced-pork-noodle,https://www.instagram.com/explore/locations/258680507490428/aka-ming-ji-mushroom-minced-pork-noodle/
feizhuloklok,https://www.instagram.com/explore/locations/102073658515223/feizhuloklok/
mei-chin-fish-soup,https://www.instagram.com/explore/locations/107206901760279/mei-chin-fish-soup/
hola-singapore,https://www.instagram.com/explore/locations/2213358408877247/hola-singapore/
everbest-shoes-handbags,https://www.instagram.com/explore/locations/1258251297683834/everbest-shoes-handbags/
world-auto-pte-ltd,https://www.instagram.com/explore/locations/860442114326137/world-auto-pte-ltd/
9-tai-seng-link,https://www.instagram.com/explore/locations/148096227/9-tai-seng-link/
mcdonalds-vivo-city,https://www.instagram.com/explore/locations/654356902/mcdonalds-vivo-city/
acmetal-engineering,https://www.instagram.com/explore/locations/103414425469276/acmetal-engineering/
kim-chuan-drive,https://www.instagram.com/explore/locations/16431909/kim-chuan-drive/
sevak,https://www.instagram.com/explore/locations/2154988254822853/sevak/
marvell-building,https://www.instagram.com/explore/locations/611243114/marvell-building/
2-kim-chuan-drive,https://www.instagram.com/explore/locations/1780256092207424/2-kim-chuan-drive/
9-tai-seng-drive-geo-tele-centre,https://www.instagram.com/explore/locations/256145159/9-tai-seng-drive-geo-tele-centre/
faces-tm,https://www.instagram.com/explore/locations/1032011133/faces-tm/
1010-tai-seng,https://www.instagram.com/explore/locations/324678268/1010-tai-seng/
temasek-avenue,https://www.instagram.com/explore/locations/639936742/temasek-avenue/
kaki-bukit-rd-1,https://www.instagram.com/explore/locations/2610185/kaki-bukit-rd-1/
rs-sport-singapore,https://www.instagram.com/explore/locations/107506838403493/rs-sport-singapore/
soundzipper,https://www.instagram.com/explore/locations/1032154496/soundzipper/
singtel-complex,https://www.instagram.com/explore/locations/606073/singtel-complex/
top-detailing,https://www.instagram.com/explore/locations/302099770224867/top-detailing/
son-bear,https://www.instagram.com/explore/locations/102197879522706/son-bear/
itz-juz-carbon,https://www.instagram.com/explore/locations/103394381172521/itz-juz-carbon/
55-ubi-avenue-3,https://www.instagram.com/explore/locations/381326122/55-ubi-avenue-3/
comfort-delgro-ubi,https://www.instagram.com/explore/locations/295620229/comfort-delgro-ubi/
back-to-work,https://www.instagram.com/explore/locations/832604164/back-to-work/
stamford-tyres-kaki-bukit,https://www.instagram.com/explore/locations/80563894/stamford-tyres-kaki-bukit/
sundaze-somedays,https://www.instagram.com/explore/locations/106973151503653/sundaze-somedays/
element14,https://www.instagram.com/explore/locations/110616652/element14/
eu-yan-sang-singapore,https://www.instagram.com/explore/locations/343170586605579/eu-yan-sang-singapore/
ino-arts-communications,https://www.instagram.com/explore/locations/407719629/ino-arts-communications/
scorpio-east-building,https://www.instagram.com/explore/locations/2019779/scorpio-east-building/
sinmah-poultry-processings-pte-ltd,https://www.instagram.com/explore/locations/127491930655941/sinmah-poultry-processings-pte-ltd/
colourscan,https://www.instagram.com/explore/locations/8784189/colourscan/
defu-lane-12,https://www.instagram.com/explore/locations/499079700630521/defu-lane-12/
indeco-engineers-pte-ltd,https://www.instagram.com/explore/locations/595624543/indeco-engineers-pte-ltd/
aprilia-singapore,https://www.instagram.com/explore/locations/347121964/aprilia-singapore/
designer-guy-group-pte-ltd,https://www.instagram.com/explore/locations/577340578989295/designer-guy-group-pte-ltd/
qss-safety-products,https://www.instagram.com/explore/locations/105636050/qss-safety-products/
kop-building,https://www.instagram.com/explore/locations/750330021758981/kop-building/
luxasia-building,https://www.instagram.com/explore/locations/2178285032426536/luxasia-building/
airport-rd,https://www.instagram.com/explore/locations/276520304/airport-rd/
hong-san-temple,https://www.instagram.com/explore/locations/210877602663323/hong-san-temple/
bartley-viaduct,https://www.instagram.com/explore/locations/251741625533704/bartley-viaduct/
lyadri-en-venus-sothys-appointed-salon,https://www.instagram.com/explore/locations/114548207926380/lyadri-en-venus-sothys-appointed-salon/
siix,https://www.instagram.com/explore/locations/1026428270/siix/
incred,https://www.instagram.com/explore/locations/1028299689/incred/
kim-chuan-eating-house,https://www.instagram.com/explore/locations/2155134/kim-chuan-eating-house/
rainbow-singapore,https://www.instagram.com/explore/locations/692015474313972/rainbow-singapore/
krav-maga-global-singapore-kmg-sg,https://www.instagram.com/explore/locations/115162953217243/krav-maga-global-singapore-kmg-sg/
csi-distribution-centre,https://www.instagram.com/explore/locations/7309316/csi-distribution-centre/
global-switch-2-tai-seng-avenue,https://www.instagram.com/explore/locations/503206774/global-switch-2-tai-seng-avenue/
hoha-eating-place,https://www.instagram.com/explore/locations/178517086390668/hoha-eating-place/
1-tai-seng-drive,https://www.instagram.com/explore/locations/264474092/1-tai-seng-drive/
hong-san-temple,https://www.instagram.com/explore/locations/639213628/hong-san-temple/
obw-ourbrosworkshop,https://www.instagram.com/explore/locations/1080527292064562/obw-ourbrosworkshop/
innocom-technologies-pte-ltd,https://www.instagram.com/explore/locations/411059904/innocom-technologies-pte-ltd/
paradise-garage-sg,https://www.instagram.com/explore/locations/125254851381847/paradise-garage-sg/
13-tai-seng-drive-nucleus-connect-building-s535219,https://www.instagram.com/explore/locations/315874607/13-tai-seng-drive-nucleus-connect-building-s535219/
techno-marine-s-pte-ltd,https://www.instagram.com/explore/locations/1025391142/techno-marine-s-pte-ltd/
res-enterprises-pte-ltd,https://www.instagram.com/explore/locations/258532288020083/res-enterprises-pte-ltd/
kah-motors-service-centre,https://www.instagram.com/explore/locations/414637374/kah-motors-service-centre/
paya-lebar-airbase-medical-center-driver-bunk,https://www.instagram.com/explore/locations/524964434/paya-lebar-airbase-medical-center-driver-bunk/
tokyo-tower,https://www.instagram.com/explore/locations/905797133/tokyo-tower/
kev-vesix-details,https://www.instagram.com/explore/locations/1951805411755460/kev-vesix-details/
studionarrative,https://www.instagram.com/explore/locations/115732106889221/studionarrative/
teaism,https://www.instagram.com/explore/locations/109089785919755/teaism/
smart-innovation-center,https://www.instagram.com/explore/locations/1021475494/smart-innovation-center/
ktda,https://www.instagram.com/explore/locations/456718204694093/ktda/
kb-warehouse,https://www.instagram.com/explore/locations/320363355214092/kb-warehouse/
birds-eye-studio,https://www.instagram.com/explore/locations/352173038449588/birds-eye-studio/
daiyusan-sushi-bar,https://www.instagram.com/explore/locations/105813808781808/daiyusan-sushi-bar/
d-editors-pte-ltd,https://www.instagram.com/explore/locations/371316233/d-editors-pte-ltd/
hong-shan-temple,https://www.instagram.com/explore/locations/503939272954073/hong-shan-temple/
kong-siang-group,https://www.instagram.com/explore/locations/289075694447171/kong-siang-group/
mookata-near-me,https://www.instagram.com/explore/locations/104003811649978/mookata-near-me/
travel-wander,https://www.instagram.com/explore/locations/1040745232656127/travel-wander/
seager-inc,https://www.instagram.com/explore/locations/258984381634672/seager-inc/
15-tai-seng-drive,https://www.instagram.com/explore/locations/472454487/15-tai-seng-drive/
kenzone,https://www.instagram.com/explore/locations/421229356/kenzone/
jtc-canteen,https://www.instagram.com/explore/locations/1289263/jtc-canteen/
covidcleaner,https://www.instagram.com/explore/locations/102272808234755/covidcleaner/
t-systems-singapore,https://www.instagram.com/explore/locations/34834891/t-systems-singapore/
fox-xtremerated-ubi,https://www.instagram.com/explore/locations/252972835/fox-xtremerated-ubi/
paramount-detailing-pte-ltd,https://www.instagram.com/explore/locations/114022533374272/paramount-detailing-pte-ltd/
eastwest-garage,https://www.instagram.com/explore/locations/576931567/eastwest-garage/
riverwood-pte-ltd,https://www.instagram.com/explore/locations/1897737293810925/riverwood-pte-ltd/
red-spade,https://www.instagram.com/explore/locations/1024794433/red-spade/
grantral-mall-bai-nian-yong-tau-foo,https://www.instagram.com/explore/locations/100642256470486/grantral-mall-bai-nian-yong-tau-foo/
precise-tree-55-kim-chuna,https://www.instagram.com/explore/locations/345858889355520/precise-tree-55-kim-chuna/
batam-seafood-restaurant,https://www.instagram.com/explore/locations/1017018979/batam-seafood-restaurant/
scdf-hq,https://www.instagram.com/explore/locations/739199715/scdf-hq/
starbucks-coffee-sun-plaza,https://www.instagram.com/explore/locations/1022056612/starbucks-coffee-sun-plaza/
fit-xpress-pte-ltd,https://www.instagram.com/explore/locations/1067861213278697/fit-xpress-pte-ltd/
secondhome-singapore,https://www.instagram.com/explore/locations/1522553187766514/secondhome-singapore/
idezign-pte-ltd,https://www.instagram.com/explore/locations/962297180520579/idezign-pte-ltd/
zmoto,https://www.instagram.com/explore/locations/108669975/zmoto/
19-kim-chuan-terrace,https://www.instagram.com/explore/locations/1030425040/19-kim-chuan-terrace/
charles-and-keith-warehouse-sales,https://www.instagram.com/explore/locations/423483351/charles-and-keith-warehouse-sales/
hdl,https://www.instagram.com/explore/locations/141886213088849/hdl/
makoto-ya-singapore,https://www.instagram.com/explore/locations/1436399320007415/makoto-ya-singapore/
soon-cheong-hang-pte-ltd,https://www.instagram.com/explore/locations/168946199822323/soon-cheong-hang-pte-ltd/
the-good-things,https://www.instagram.com/explore/locations/108735842542685/the-good-things/
u-10-eating-house,https://www.instagram.com/explore/locations/327859313/u-10-eating-house/
u-10-eating-house,https://www.instagram.com/explore/locations/4535990/u-10-eating-house/
carera-bathroom,https://www.instagram.com/explore/locations/104573778898203/carera-bathroom/
global-innovation-center,https://www.instagram.com/explore/locations/1017788372/global-innovation-center/
ub-1-ubi-ave-4,https://www.instagram.com/explore/locations/163196750407727/ub-1-ubi-ave-4/
wct-racking-pte-ltd,https://www.instagram.com/explore/locations/354909694666711/wct-racking-pte-ltd/
7-tai-seng-drive,https://www.instagram.com/explore/locations/12855128/7-tai-seng-drive/
project-motor,https://www.instagram.com/explore/locations/32539120/project-motor/
equinix-sg4,https://www.instagram.com/explore/locations/104237024673751/equinix-sg4/
evorich-flooring,https://www.instagram.com/explore/locations/1004379740/evorich-flooring/
blum-showroom,https://www.instagram.com/explore/locations/8357367/blum-showroom/
luxasia-professional-beauty-and-lifestyle-division,https://www.instagram.com/explore/locations/517028938/luxasia-professional-beauty-and-lifestyle-division/
kuang-guan-kopitiam-pte-ltd,https://www.instagram.com/explore/locations/1515661158688446/kuang-guan-kopitiam-pte-ltd/
pasir-ris-sport-and-recreation-hall,https://www.instagram.com/explore/locations/589621979/pasir-ris-sport-and-recreation-hall/
take-a-break,https://www.instagram.com/explore/locations/111858643602663/take-a-break/
1020-tai-seng-ave,https://www.instagram.com/explore/locations/810477239/1020-tai-seng-ave/
hq-scdf-restroom,https://www.instagram.com/explore/locations/114322361975656/hq-scdf-restroom/
success-shutters-pte-ltd,https://www.instagram.com/explore/locations/442578499204376/success-shutters-pte-ltd/
tai-seng-ind-estate,https://www.instagram.com/explore/locations/334762577102513/tai-seng-ind-estate/
179-economical-bee-hoon-official,https://www.instagram.com/explore/locations/416455935068289/179-economical-bee-hoon-official/
blk-1002-tai-seng-avenue,https://www.instagram.com/explore/locations/797196357/blk-1002-tai-seng-avenue/
midas-touch-painting-co,https://www.instagram.com/explore/locations/262931598/midas-touch-painting-co/
airport-road,https://www.instagram.com/explore/locations/9698028/airport-road/
iemedics-pte-ltd,https://www.instagram.com/explore/locations/1489828634645791/iemedics-pte-ltd/
media-treeworks-international-pte-ltd,https://www.instagram.com/explore/locations/891968543/media-treeworks-international-pte-ltd/
kim-chuan-lane,https://www.instagram.com/explore/locations/759092659/kim-chuan-lane/
blum-ubi-ave-4,https://www.instagram.com/explore/locations/84355052/blum-ubi-ave-4/
mercedes-benz-eunos-service-center,https://www.instagram.com/explore/locations/6347369/mercedes-benz-eunos-service-center/
ray-m-space,https://www.instagram.com/explore/locations/109558557579558/ray-m-space/
mcs-auto-grooming,https://www.instagram.com/explore/locations/100379904799548/mcs-auto-grooming/
mquest-pte-ltd,https://www.instagram.com/explore/locations/404391120142654/mquest-pte-ltd/
happy-feast,https://www.instagram.com/explore/locations/1015652613/happy-feast/
yew-lee-metal-works-pte-ltd,https://www.instagram.com/explore/locations/763327012/yew-lee-metal-works-pte-ltd/
jamaica,https://www.instagram.com/explore/locations/681829373/jamaica/
nucleus-connect-office,https://www.instagram.com/explore/locations/286649809/nucleus-connect-office/
techno-marine-singapore-pte-ltd,https://www.instagram.com/explore/locations/1016268799/techno-marine-singapore-pte-ltd/
yellow-studio,https://www.instagram.com/explore/locations/371094039623978/yellow-studio/
taiseng-avenue,https://www.instagram.com/explore/locations/560997017259464/taiseng-avenue/
gordon-warehouse,https://www.instagram.com/explore/locations/166033617/gordon-warehouse/
greenies-singapore,https://www.instagram.com/explore/locations/699665926885782/greenies-singapore/
bettr-barista,https://www.instagram.com/explore/locations/110039513717620/bettr-barista/
76-spraywerks,https://www.instagram.com/explore/locations/1903356823321710/76-spraywerks/
hq-scdf-medical-centre,https://www.instagram.com/explore/locations/1103495/hq-scdf-medical-centre/
city-campus-hq-scdf,https://www.instagram.com/explore/locations/1019475216/city-campus-hq-scdf/
sentaosa,https://www.instagram.com/explore/locations/597175412/sentaosa/
cdc-ubi,https://www.instagram.com/explore/locations/381341529/cdc-ubi/
my-little-props-house,https://www.instagram.com/explore/locations/984293700/my-little-props-house/
go4-world-mission-church,https://www.instagram.com/explore/locations/271597380/go4-world-mission-church/
jtctai-seng-ave,https://www.instagram.com/explore/locations/5480627/jtctai-seng-ave/
office-at-my-desk,https://www.instagram.com/explore/locations/725249779/office-at-my-desk/
las-vegas-golden-nugget-casino,https://www.instagram.com/explore/locations/167150673350825/las-vegas-golden-nugget-casino/
prestige-auto-export-pte-ltd,https://www.instagram.com/explore/locations/192892704226933/prestige-auto-export-pte-ltd/
yew-yi-eating-house,https://www.instagram.com/explore/locations/23029738/yew-yi-eating-house/
sweettalk,https://www.instagram.com/explore/locations/215999271929888/sweettalk/
fencing-masters,https://www.instagram.com/explore/locations/559904/fencing-masters/
continental-klasse-pte-ltd,https://www.instagram.com/explore/locations/338205524/continental-klasse-pte-ltd/
glutton-sg,https://www.instagram.com/explore/locations/102495244892176/glutton-sg/
the-guitar-doctor-singapore,https://www.instagram.com/explore/locations/371020490052905/the-guitar-doctor-singapore/
imperial-concepts,https://www.instagram.com/explore/locations/105560728866746/imperial-concepts/
fever-tree-singapore,https://www.instagram.com/explore/locations/1053393221411609/fever-tree-singapore/
happy-hotel,https://www.instagram.com/explore/locations/1018072857/happy-hotel/
racks-central,https://www.instagram.com/explore/locations/501797723342791/racks-central/
plab,https://www.instagram.com/explore/locations/449889993/plab/
eurokars-ubi,https://www.instagram.com/explore/locations/260601794/eurokars-ubi/
motor-clinic-singapore,https://www.instagram.com/explore/locations/264400087/motor-clinic-singapore/
micro-2000-technology-pte-ltd,https://www.instagram.com/explore/locations/1814222288863312/micro-2000-technology-pte-ltd/
sta-vehicle-inspection,https://www.instagram.com/explore/locations/609885897/sta-vehicle-inspection/
8-kaki-bukit-road-2-01-36-ruby-warehouse-complex,https://www.instagram.com/explore/locations/507077160/8-kaki-bukit-road-2-01-36-ruby-warehouse-complex/
cars-with-us,https://www.instagram.com/explore/locations/1028146822/cars-with-us/
scdf-hq,https://www.instagram.com/explore/locations/688771430/scdf-hq/
res-building-singapore,https://www.instagram.com/explore/locations/1015439679/res-building-singapore/
blk-1022-tai-seng-ave,https://www.instagram.com/explore/locations/274698832/blk-1022-tai-seng-ave/
marvell-asia,https://www.instagram.com/explore/locations/682823658471374/marvell-asia/
our-bros-workshop-s-pte-ltdobw,https://www.instagram.com/explore/locations/174847292611274/our-bros-workshop-s-pte-ltdobw/
mtl-hq-scdf,https://www.instagram.com/explore/locations/11909157/mtl-hq-scdf/
sense-n-bedeck,https://www.instagram.com/explore/locations/838097228/sense-n-bedeck/
balai-bomba-paya-lebar,https://www.instagram.com/explore/locations/3709408/balai-bomba-paya-lebar/
world-of-numbers,https://www.instagram.com/explore/locations/218434734888955/world-of-numbers/
imozzo,https://www.instagram.com/explore/locations/345668635549688/imozzo/
global-innovation-centre152-ubi-ave-5,https://www.instagram.com/explore/locations/637901741/global-innovation-centre152-ubi-ave-5/
streben-technologies-singapore-limited,https://www.instagram.com/explore/locations/422243821510315/streben-technologies-singapore-limited/
mad-about-design,https://www.instagram.com/explore/locations/103434774345113/mad-about-design/
united-lifestyle,https://www.instagram.com/explore/locations/930752980421689/united-lifestyle/
dce,https://www.instagram.com/explore/locations/549763345041247/dce/
straits-market,https://www.instagram.com/explore/locations/1045096852175240/straits-market/
uncommonuncommon,https://www.instagram.com/explore/locations/536325970086692/uncommonuncommon/
idesignerlab,https://www.instagram.com/explore/locations/612644738914320/idesignerlab/
supertune,https://www.instagram.com/explore/locations/732450603469579/supertune/
bedok-area,https://www.instagram.com/explore/locations/268012300/bedok-area/
bamford-motor-pte-ltd,https://www.instagram.com/explore/locations/101741278561640/bamford-motor-pte-ltd/
a-place-u-can-get-ur-driving-licence,https://www.instagram.com/explore/locations/200675433339369/a-place-u-can-get-ur-driving-licence/
escola,https://www.instagram.com/explore/locations/506840925/escola/
gtgarage,https://www.instagram.com/explore/locations/494104139/gtgarage/
32-tai-seng-avenue,https://www.instagram.com/explore/locations/227392030657380/32-tai-seng-avenue/
autoplus,https://www.instagram.com/explore/locations/1021596097/autoplus/
earth-recycling-services,https://www.instagram.com/explore/locations/101292355827952/earth-recycling-services/
vitadeals-singapore,https://www.instagram.com/explore/locations/329934940488597/vitadeals-singapore/
dkj,https://www.instagram.com/explore/locations/388479298009547/dkj/
home-action-party,https://www.instagram.com/explore/locations/588380757947308/home-action-party/
scc-consignments,https://www.instagram.com/explore/locations/104006408775841/scc-consignments/
stamford-tyres-retail-singapore,https://www.instagram.com/explore/locations/102194557923922/stamford-tyres-retail-singapore/
no-1-tai-seng-drive-dhl-building,https://www.instagram.com/explore/locations/344224163002115/no-1-tai-seng-drive-dhl-building/
office-at-my-desk,https://www.instagram.com/explore/locations/612597802/office-at-my-desk/
lfk-singapore,https://www.instagram.com/explore/locations/105398314498139/lfk-singapore/
21-tai-seng-road,https://www.instagram.com/explore/locations/580676330/21-tai-seng-road/
hollywood-bangkok-thailand,https://www.instagram.com/explore/locations/743803915/hollywood-bangkok-thailand/
kumpulan-development-pte-ltd,https://www.instagram.com/explore/locations/403728689/kumpulan-development-pte-ltd/
somewhere-over-the-rainbow,https://www.instagram.com/explore/locations/1798032263761296/somewhere-over-the-rainbow/
starhub-tai-seng,https://www.instagram.com/explore/locations/266593407/starhub-tai-seng/
smartwellfnb,https://www.instagram.com/explore/locations/103275807990691/smartwellfnb/
kim-chuan-complex,https://www.instagram.com/explore/locations/7105346/kim-chuan-complex/
ubi-biz-hub,https://www.instagram.com/explore/locations/435534678/ubi-biz-hub/
gaijin-izakaya,https://www.instagram.com/explore/locations/109942061235005/gaijin-izakaya/
paya-lebar-fire-station-21,https://www.instagram.com/explore/locations/276168299/paya-lebar-fire-station-21/
mvtphotos,https://www.instagram.com/explore/locations/1025606943/mvtphotos/
ruby-warehouse-complex,https://www.instagram.com/explore/locations/2221096034820918/ruby-warehouse-complex/
a-c-motors,https://www.instagram.com/explore/locations/319202864787644/a-c-motors/
mercedes-benz-center-eunos,https://www.instagram.com/explore/locations/241057919/mercedes-benz-center-eunos/
pulau-bawean,https://www.instagram.com/explore/locations/180494345327513/pulau-bawean/
marian-square,https://www.instagram.com/explore/locations/838173641/marian-square/
u-save-f-b-equipment-pte-ltd,https://www.instagram.com/explore/locations/112879902062912/u-save-f-b-equipment-pte-ltd/
3-tai-seng-drive,https://www.instagram.com/explore/locations/142114913/3-tai-seng-drive/
east-west-autoservice,https://www.instagram.com/explore/locations/325301550888651/east-west-autoservice/
pal-line-pte-ltd,https://www.instagram.com/explore/locations/120420245270458/pal-line-pte-ltd/
kampong-arang,https://www.instagram.com/explore/locations/971772569/kampong-arang/
15-tai-seng-road,https://www.instagram.com/explore/locations/287449835226038/15-tai-seng-road/
inzwerkz-pte-ltd,https://www.instagram.com/explore/locations/407650227/inzwerkz-pte-ltd/
global-switch-datacenter,https://www.instagram.com/explore/locations/279655720/global-switch-datacenter/
dhl-cs-fl-team,https://www.instagram.com/explore/locations/306585299809787/dhl-cs-fl-team/
pha-auk-meditation-center,https://www.instagram.com/explore/locations/1015509469/pha-auk-meditation-center/
ubi-comfort-driving-centre,https://www.instagram.com/explore/locations/365655023502341/ubi-comfort-driving-centre/
little-league-soccer,https://www.instagram.com/explore/locations/1033330902/little-league-soccer/
micro2000-zervex,https://www.instagram.com/explore/locations/432764152/micro2000-zervex/
blackvine-pte-ltd,https://www.instagram.com/explore/locations/370618523282491/blackvine-pte-ltd/
hawa-catering,https://www.instagram.com/explore/locations/109082280729705/hawa-catering/
gtw-building,https://www.instagram.com/explore/locations/69708544/gtw-building/
world-class-global,https://www.instagram.com/explore/locations/637946103015083/world-class-global/
dart-base-hq-scdf,https://www.instagram.com/explore/locations/512670625895727/dart-base-hq-scdf/
visual-studio-singapore,https://www.instagram.com/explore/locations/156981385285/visual-studio-singapore/
resort-world-sentosa-casino,https://www.instagram.com/explore/locations/301008519/resort-world-sentosa-casino/
czarl-architects,https://www.instagram.com/explore/locations/106776658421526/czarl-architects/
libra-engineering-pte-ltd,https://www.instagram.com/explore/locations/1109369869097685/libra-engineering-pte-ltd/
liqui-moly-asia,https://www.instagram.com/explore/locations/1008580042/liqui-moly-asia/
ryder-auto-pte-ltd,https://www.instagram.com/explore/locations/769593196767695/ryder-auto-pte-ltd/
aptstar-consultancy-pte-ltd,https://www.instagram.com/explore/locations/274588522/aptstar-consultancy-pte-ltd/
1026-tai-seng-ave,https://www.instagram.com/explore/locations/504324472/1026-tai-seng-ave/
solomonic,https://www.instagram.com/explore/locations/951258354/solomonic/
charles-and-keith-headquarters,https://www.instagram.com/explore/locations/248859733/charles-and-keith-headquarters/
universal-studios,https://www.instagram.com/explore/locations/1016350166/universal-studios/
we-behind-this,https://www.instagram.com/explore/locations/110855954624395/we-behind-this/
slum-corner,https://www.instagram.com/explore/locations/153517241387444/slum-corner/
res-recruit,https://www.instagram.com/explore/locations/162977700719611/res-recruit/
hq-scdf-emb-lv-6,https://www.instagram.com/explore/locations/127046997368306/hq-scdf-emb-lv-6/
no-9-tai-seng-link,https://www.instagram.com/explore/locations/705739365/no-9-tai-seng-link/
xorex-press-pte-ltd,https://www.instagram.com/explore/locations/669109311/xorex-press-pte-ltd/
union-gas,https://www.instagram.com/explore/locations/137586189711743/union-gas/
bettr-coffee,https://www.instagram.com/explore/locations/121290159266571/bettr-coffee/
comfort-delgro-driving-centre-fumigation-corner,https://www.instagram.com/explore/locations/450862743/comfort-delgro-driving-centre-fumigation-corner/
crossfit-sg,https://www.instagram.com/explore/locations/292923264/crossfit-sg/
tim-ho-wan,https://www.instagram.com/explore/locations/241638852964643/tim-ho-wan/
ace-accounts,https://www.instagram.com/explore/locations/237039184945282/ace-accounts/
onboard-bus-854,https://www.instagram.com/explore/locations/280749102019603/onboard-bus-854/
charles-keith-and-pedro-warehouse-sale,https://www.instagram.com/explore/locations/420423115/charles-keith-and-pedro-warehouse-sale/
accord-corporation-pte-ltd,https://www.instagram.com/explore/locations/270572959656069/accord-corporation-pte-ltd/
defu-lane12,https://www.instagram.com/explore/locations/317661670/defu-lane12/
150-ubi-ave-4,https://www.instagram.com/explore/locations/279610311/150-ubi-ave-4/
command-air,https://www.instagram.com/explore/locations/308649249/command-air/
pac-solution,https://www.instagram.com/explore/locations/347415995345942/pac-solution/
prowerkz-garage,https://www.instagram.com/explore/locations/318390938275426/prowerkz-garage/
comfort-delgro-driving-centre,https://www.instagram.com/explore/locations/249749187/comfort-delgro-driving-centre/
carle-preowned-cars,https://www.instagram.com/explore/locations/426499131050529/carle-preowned-cars/
ss-aquarium,https://www.instagram.com/explore/locations/1030726080/ss-aquarium/
sevilai-transport-pte-ltd,https://www.instagram.com/explore/locations/541891055953118/sevilai-transport-pte-ltd/
thai-cuisine-from-phitsanulok,https://www.instagram.com/explore/locations/106360878545391/thai-cuisine-from-phitsanulok/
shss,https://www.instagram.com/explore/locations/688926802/shss/
blackblue-media-group,https://www.instagram.com/explore/locations/999386578/blackblue-media-group/
charles-keith-group-hq-vm-room,https://www.instagram.com/explore/locations/509480025731025/charles-keith-group-hq-vm-room/
pick-and-go-werkz-pte-ltd,https://www.instagram.com/explore/locations/108829612023833/pick-and-go-werkz-pte-ltd/
8-tai-seng-link,https://www.instagram.com/explore/locations/1031771991/8-tai-seng-link/
bintai-kindenko-pte-ltd,https://www.instagram.com/explore/locations/1028471097177718/bintai-kindenko-pte-ltd/
super-milk-tai-seng,https://www.instagram.com/explore/locations/1080065378709103/super-milk-tai-seng/
homefix-building,https://www.instagram.com/explore/locations/266720610851571/homefix-building/
alpine-shipping-group,https://www.instagram.com/explore/locations/1490301674531071/alpine-shipping-group/
simply-cars,https://www.instagram.com/explore/locations/1933694526851403/simply-cars/
102010221026-tai-seng-avenue,https://www.instagram.com/explore/locations/848980188774347/102010221026-tai-seng-avenue/
tate-projects-pte-ltd,https://www.instagram.com/explore/locations/1905172929722082/tate-projects-pte-ltd/
global-switch,https://www.instagram.com/explore/locations/63291966/global-switch/
burkert-singapore-pte-ltd,https://www.instagram.com/explore/locations/1835160713298784/burkert-singapore-pte-ltd/
auditorium-hq-scdf,https://www.instagram.com/explore/locations/1018920258/auditorium-hq-scdf/
hydronic,https://www.instagram.com/explore/locations/102068564721417/hydronic/
polygon-pc,https://www.instagram.com/explore/locations/109251992177128/polygon-pc/
135-ubi-avenue-4,https://www.instagram.com/explore/locations/1014984850/135-ubi-avenue-4/
hq-scdf-mph,https://www.instagram.com/explore/locations/3883391/hq-scdf-mph/
t-systems-singapore,https://www.instagram.com/explore/locations/173506979453365/t-systems-singapore/
wintertime-warehouse,https://www.instagram.com/explore/locations/1033816162/wintertime-warehouse/
panasonic-rd-center-singapore,https://www.instagram.com/explore/locations/179183636301131/panasonic-rd-center-singapore/
an-naeem-masjid,https://www.instagram.com/explore/locations/879750032/an-naeem-masjid/
qing-at-car-buyers-club,https://www.instagram.com/explore/locations/162028457270310/qing-at-car-buyers-club/
allied-telesis-hq,https://www.instagram.com/explore/locations/517000604/allied-telesis-hq/
killiney-at-cdc,https://www.instagram.com/explore/locations/319551754/killiney-at-cdc/
boon-siew-honda,https://www.instagram.com/explore/locations/578466037/boon-siew-honda/
perfect-cars,https://www.instagram.com/explore/locations/277492062736421/perfect-cars/
tai-seng-charles-and-keith,https://www.instagram.com/explore/locations/350731269/tai-seng-charles-and-keith/
work,https://www.instagram.com/explore/locations/249722645080920/work/
7107-flavours-marina-square,https://www.instagram.com/explore/locations/784940013/7107-flavours-marina-square/
tuas-second-link,https://www.instagram.com/explore/locations/861608589/tuas-second-link/
fisherpaykel-s-pte-ltd,https://www.instagram.com/explore/locations/214345198630613/fisherpaykel-s-pte-ltd/
transtek,https://www.instagram.com/explore/locations/105919930960488/transtek/
tai-seng-ave-1024-534414-singapore,https://www.instagram.com/explore/locations/392018607/tai-seng-ave-1024-534414-singapore/
may-chin-fish-soup,https://www.instagram.com/explore/locations/328192134401327/may-chin-fish-soup/
orgnix-creatives,https://www.instagram.com/explore/locations/92247224/orgnix-creatives/
no-21tai-seng-drive,https://www.instagram.com/explore/locations/263723665/no-21tai-seng-drive/
scorpio-east-holdings-pte-ltd,https://www.instagram.com/explore/locations/51284841/scorpio-east-holdings-pte-ltd/
european-flavours-fragrances,https://www.instagram.com/explore/locations/441833999619391/european-flavours-fragrances/
mcs-auto-grooming,https://www.instagram.com/explore/locations/491792531648811/mcs-auto-grooming/
a-c-motor-first-east-centre-kaki-bukit,https://www.instagram.com/explore/locations/319642156/a-c-motor-first-east-centre-kaki-bukit/
jestac,https://www.instagram.com/explore/locations/588823185/jestac/
fisher-paykel,https://www.instagram.com/explore/locations/1063459753815547/fisher-paykel/
khai-wah,https://www.instagram.com/explore/locations/100722626715668/khai-wah/
etchandbolts,https://www.instagram.com/explore/locations/1070786896322094/etchandbolts/
aspial-one,https://www.instagram.com/explore/locations/102950341198429/aspial-one/
ato-atelier,https://www.instagram.com/explore/locations/108615642152954/ato-atelier/
ezbee-pte-ltd,https://www.instagram.com/explore/locations/1287100391406343/ezbee-pte-ltd/
bus-charter-singapore,https://www.instagram.com/explore/locations/1721352921442656/bus-charter-singapore/
vespa-singapore,https://www.instagram.com/explore/locations/1967562306837844/vespa-singapore/
gusto-car-leasing,https://www.instagram.com/explore/locations/110265011815880/gusto-car-leasing/
motor-clinic,https://www.instagram.com/explore/locations/28058202/motor-clinic/
districtee,https://www.instagram.com/explore/locations/1031859742/districtee/
tower-a-vertex,https://www.instagram.com/explore/locations/1020563768/tower-a-vertex/
om-home,https://www.instagram.com/explore/locations/102120682461126/om-home/
eat-already,https://www.instagram.com/explore/locations/103932088182150/eat-already/
micro-2000-technology-zervex-bldg,https://www.instagram.com/explore/locations/421437119/micro-2000-technology-zervex-bldg/
dusche-bathroom,https://www.instagram.com/explore/locations/110688168040790/dusche-bathroom/
kpe-tpe-exit-bartley-road,https://www.instagram.com/explore/locations/1023248441/kpe-tpe-exit-bartley-road/
st-aerospace-engineering,https://www.instagram.com/explore/locations/398364554/st-aerospace-engineering/
blk-628-bedok-reservoir-road,https://www.instagram.com/explore/locations/665872069/blk-628-bedok-reservoir-road/
v-maps-motor,https://www.instagram.com/explore/locations/107015055032825/v-maps-motor/
smart-innovation-centre,https://www.instagram.com/explore/locations/1017975868/smart-innovation-centre/
kobojewellery,https://www.instagram.com/explore/locations/108842898044029/kobojewellery/
ubi-close-5,https://www.instagram.com/explore/locations/136342639768809/ubi-close-5/
amazing-shine,https://www.instagram.com/explore/locations/9417461/amazing-shine/
in-bus-87,https://www.instagram.com/explore/locations/257586431/in-bus-87/
1-kim-chuan-lane,https://www.instagram.com/explore/locations/170708703562097/1-kim-chuan-lane/
filter-club,https://www.instagram.com/explore/locations/681975834/filter-club/
3-tai-seng-drive,https://www.instagram.com/explore/locations/2284964798227294/3-tai-seng-drive/
christie-digital-systems-singapore,https://www.instagram.com/explore/locations/126555580779970/christie-digital-systems-singapore/
auto-spritze,https://www.instagram.com/explore/locations/111424074/auto-spritze/
cycle-carraige-ubi,https://www.instagram.com/explore/locations/358052032/cycle-carraige-ubi/
yowi-deli,https://www.instagram.com/explore/locations/1021070738/yowi-deli/
global-switch-singapore-pte-ltd,https://www.instagram.com/explore/locations/140859082660274/global-switch-singapore-pte-ltd/
57-defu-lane-12,https://www.instagram.com/explore/locations/16377522/57-defu-lane-12/
natrad-food,https://www.instagram.com/explore/locations/159027227465920/natrad-food/
ultrasavesg,https://www.instagram.com/explore/locations/2372586119442917/ultrasavesg/
gt-garage-sg,https://www.instagram.com/explore/locations/338104594/gt-garage-sg/
scdf-manpower-dept,https://www.instagram.com/explore/locations/318650087/scdf-manpower-dept/
defu-ln-12,https://www.instagram.com/explore/locations/242356359176531/defu-ln-12/
aprilia-showroom,https://www.instagram.com/explore/locations/13987427/aprilia-showroom/
audio-technica,https://www.instagram.com/explore/locations/671467522/audio-technica/
thaitanic,https://www.instagram.com/explore/locations/1013471537/thaitanic/
office,https://www.instagram.com/explore/locations/174310209245648/office/
1homeshopsg,https://www.instagram.com/explore/locations/284974255731459/1homeshopsg/
defu-lane-12,https://www.instagram.com/explore/locations/4440910/defu-lane-12/
bus-51,https://www.instagram.com/explore/locations/298234503/bus-51/
din-azmi-star,https://www.instagram.com/explore/locations/72530474/din-azmi-star/
fxchange,https://www.instagram.com/explore/locations/375111059910781/fxchange/
9-kaki-bukit-place,https://www.instagram.com/explore/locations/234819943244584/9-kaki-bukit-place/
1-sigma-golf-studio-8-ubi-rd-2-08-19,https://www.instagram.com/explore/locations/236184363105855/1-sigma-golf-studio-8-ubi-rd-2-08-19/
centurylink-technology-solutions,https://www.instagram.com/explore/locations/816503757/centurylink-technology-solutions/
ten-ten,https://www.instagram.com/explore/locations/194271623927273/ten-ten/
cambridge-industrial-trust,https://www.instagram.com/explore/locations/1018393349/cambridge-industrial-trust/
makoto-ya,https://www.instagram.com/explore/locations/281814812/makoto-ya/
malaysia-brand-outlet-singapore,https://www.instagram.com/explore/locations/280086818785217/malaysia-brand-outlet-singapore/
bez-balloons-pte-ltd,https://www.instagram.com/explore/locations/406525626/bez-balloons-pte-ltd/
art-ministry,https://www.instagram.com/explore/locations/1017105620/art-ministry/
tintsy-cool-international,https://www.instagram.com/explore/locations/334819686721313/tintsy-cool-international/
kah-motors-ubi-showroom,https://www.instagram.com/explore/locations/556171166/kah-motors-ubi-showroom/
axxel-marketing-singapore,https://www.instagram.com/explore/locations/300615890322541/axxel-marketing-singapore/
7-kim-chuan-lane,https://www.instagram.com/explore/locations/293647114107355/7-kim-chuan-lane/
blum,https://www.instagram.com/explore/locations/1030447560/blum/
39-defu-lane-12,https://www.instagram.com/explore/locations/1024870098/39-defu-lane-12/
eu-yan-sang-global,https://www.instagram.com/explore/locations/445816218958806/eu-yan-sang-global/
czarl-architects,https://www.instagram.com/explore/locations/443399015831514/czarl-architects/
payar-lebar-fire-station,https://www.instagram.com/explore/locations/321593347/payar-lebar-fire-station/
glass-point-construction-pte-ltd,https://www.instagram.com/explore/locations/1018010408244543/glass-point-construction-pte-ltd/
vw-design-build-pte-ltd,https://www.instagram.com/explore/locations/461586447226083/vw-design-build-pte-ltd/
vision-garage,https://www.instagram.com/explore/locations/67890283/vision-garage/
harvest-well-enterprise-pte-ltd,https://www.instagram.com/explore/locations/459867144138587/harvest-well-enterprise-pte-ltd/
cool-n-lite-the-vertex-ubi,https://www.instagram.com/explore/locations/102908683189603/cool-n-lite-the-vertex-ubi/
fluid-productions,https://www.instagram.com/explore/locations/5813796826/fluid-productions/
hardwarespecialist,https://www.instagram.com/explore/locations/877466192282966/hardwarespecialist/
scal-dormitory-hougang,https://www.instagram.com/explore/locations/603062356/scal-dormitory-hougang/
daimler-mercedes-benzsoutheast-asia-pte-ltd,https://www.instagram.com/explore/locations/881961135/daimler-mercedes-benzsoutheast-asia-pte-ltd/
health-essentials,https://www.instagram.com/explore/locations/1116855368507545/health-essentials/
7-taiseng-drive,https://www.instagram.com/explore/locations/217061787/7-taiseng-drive/
certified-aesthetic,https://www.instagram.com/explore/locations/110407474079223/certified-aesthetic/
mrt,https://www.instagram.com/explore/locations/786918727/mrt/
tradeitcom-export,https://www.instagram.com/explore/locations/105551711012776/tradeitcom-export/
exodus-global-de-auto-boutique,https://www.instagram.com/explore/locations/1795144740714843/exodus-global-de-auto-boutique/
9-tai-seng-link,https://www.instagram.com/explore/locations/1955611178074065/9-tai-seng-link/
wan-yuan-gifts,https://www.instagram.com/explore/locations/1581022428793940/wan-yuan-gifts/
kobo,https://www.instagram.com/explore/locations/104713135132206/kobo/
vivid-graphic-solution,https://www.instagram.com/explore/locations/100164192298633/vivid-graphic-solution/
15-kaki-bukit-road-2,https://www.instagram.com/explore/locations/1014358159/15-kaki-bukit-road-2/
yuan-shun-laundry-service,https://www.instagram.com/explore/locations/1027890174/yuan-shun-laundry-service/
jtc-coffeeshop-tai-seng-drive,https://www.instagram.com/explore/locations/2538367799514443/jtc-coffeeshop-tai-seng-drive/
international-bullion-mint-pte-ltd,https://www.instagram.com/explore/locations/594960275/international-bullion-mint-pte-ltd/
ys-auto-werkz,https://www.instagram.com/explore/locations/106522904837403/ys-auto-werkz/
tampines-st-83,https://www.instagram.com/explore/locations/1034265688/tampines-st-83/
11-tai-seng-link,https://www.instagram.com/explore/locations/603043091/11-tai-seng-link/
alcohol-express,https://www.instagram.com/explore/locations/107556741208642/alcohol-express/
zervex-ubi-road-2,https://www.instagram.com/explore/locations/351757382/zervex-ubi-road-2/
stand-there-look-good,https://www.instagram.com/explore/locations/1023229834/stand-there-look-good/
infinite-supply,https://www.instagram.com/explore/locations/1017919559/infinite-supply/
forward-command-vehicle-at-hq-scdf,https://www.instagram.com/explore/locations/160412190689535/forward-command-vehicle-at-hq-scdf/
defu-lane-12,https://www.instagram.com/explore/locations/174578746334308/defu-lane-12/
pondok-indah,https://www.instagram.com/explore/locations/273977184/pondok-indah/
bike-works,https://www.instagram.com/explore/locations/141079416016042/bike-works/
tai-seng-ave-blk-1026,https://www.instagram.com/explore/locations/344373566/tai-seng-ave-blk-1026/
7-tai-seng-drive-03-01-s535218,https://www.instagram.com/explore/locations/800634706/7-tai-seng-drive-03-01-s535218/
hq-scdf-guard-house,https://www.instagram.com/explore/locations/483852120/hq-scdf-guard-house/
uhu-singapore,https://www.instagram.com/explore/locations/165502060863717/uhu-singapore/
guan-guan-kopitiam,https://www.instagram.com/explore/locations/42576421/guan-guan-kopitiam/
nanolex-singapore,https://www.instagram.com/explore/locations/106910030688087/nanolex-singapore/
growthwell-group,https://www.instagram.com/explore/locations/176007842959657/growthwell-group/
dark-leather,https://www.instagram.com/explore/locations/147420215389561/dark-leather/
one-stop-shop,https://www.instagram.com/explore/locations/239210312/one-stop-shop/
panasonic-asia-pacific,https://www.instagram.com/explore/locations/152686001501279/panasonic-asia-pacific/
gift-market,https://www.instagram.com/explore/locations/114689800166942/gift-market/
tai-seng-ind,https://www.instagram.com/explore/locations/829314592/tai-seng-ind/
usys,https://www.instagram.com/explore/locations/112983766739379/usys/
noel-gifts-tai-seng,https://www.instagram.com/explore/locations/179554832112434/noel-gifts-tai-seng/
game-filter,https://www.instagram.com/explore/locations/113609870043422/game-filter/
pets-dream-world-singapore,https://www.instagram.com/explore/locations/1005358382/pets-dream-world-singapore/
comfort-delgro-centre,https://www.instagram.com/explore/locations/482393890/comfort-delgro-centre/
protection,https://www.instagram.com/explore/locations/119979265373646/protection/
ac-motor,https://www.instagram.com/explore/locations/1019745033/ac-motor/
tai-seng-building,https://www.instagram.com/explore/locations/195939840471933/tai-seng-building/
the-wizard-of-oz,https://www.instagram.com/explore/locations/47503681/the-wizard-of-oz/
rapid-automobile-repair-tyre-service,https://www.instagram.com/explore/locations/538667651/rapid-automobile-repair-tyre-service/
pipi-gift-ideas,https://www.instagram.com/explore/locations/849172956/pipi-gift-ideas/
lta-side-office-downtown,https://www.instagram.com/explore/locations/195948407096669/lta-side-office-downtown/
xtremerated,https://www.instagram.com/explore/locations/387947392/xtremerated/
evan-lim-warehouse,https://www.instagram.com/explore/locations/283442325895397/evan-lim-warehouse/
payar-lebar-medical-centre,https://www.instagram.com/explore/locations/273940472622761/payar-lebar-medical-centre/
ride-go,https://www.instagram.com/explore/locations/256896231183178/ride-go/
puredien,https://www.instagram.com/explore/locations/210030083031018/puredien/
wee-hoe-auto-service,https://www.instagram.com/explore/locations/101191666/wee-hoe-auto-service/
kan-fook-seng-workshop,https://www.instagram.com/explore/locations/197590416949459/kan-fook-seng-workshop/
charles-keith-bldg,https://www.instagram.com/explore/locations/287754654664026/charles-keith-bldg/
safety-health,https://www.instagram.com/explore/locations/179152472201731/safety-health/
thai-village-holdings,https://www.instagram.com/explore/locations/143701295676947/thai-village-holdings/
scorpio-east-productions,https://www.instagram.com/explore/locations/510219984/scorpio-east-productions/
geotele,https://www.instagram.com/explore/locations/88705928/geotele/
where-bird-dun-lay-egg,https://www.instagram.com/explore/locations/246977476173684/where-bird-dun-lay-egg/
larry-contractors-pte-ltd,https://www.instagram.com/explore/locations/213743202519173/larry-contractors-pte-ltd/
alpinestars,https://www.instagram.com/explore/locations/207924512751288/alpinestars/
jie-taiseng-bakery,https://www.instagram.com/explore/locations/151147312160476/jie-taiseng-bakery/
bus-stop-71061-bef-airport-rd,https://www.instagram.com/explore/locations/244822929537535/bus-stop-71061-bef-airport-rd/
emirate-stadium-london-england,https://www.instagram.com/explore/locations/205632679465595/emirate-stadium-london-england/
lion-stationery,https://www.instagram.com/explore/locations/346561415721192/lion-stationery/
kim-chuan-road,https://www.instagram.com/explore/locations/337108900/kim-chuan-road/
healthy-homes-marketing,https://www.instagram.com/explore/locations/330642407/healthy-homes-marketing/
nbda-asia-pte-ltd,https://www.instagram.com/explore/locations/579865697/nbda-asia-pte-ltd/
opp-comfort-driving-ctr,https://www.instagram.com/explore/locations/467718546/opp-comfort-driving-ctr/
fizzy-productions-pte-ltd,https://www.instagram.com/explore/locations/292222774235250/fizzy-productions-pte-ltd/
ruby-warehouse,https://www.instagram.com/explore/locations/36125795/ruby-warehouse/
trans-eurokars,https://www.instagram.com/explore/locations/380315832018480/trans-eurokars/
23-tai-seng-drive,https://www.instagram.com/explore/locations/1024877788/23-tai-seng-drive/
mio-tv,https://www.instagram.com/explore/locations/202676607164631/mio-tv/
s-m-d-manufacturing-pte-ltd,https://www.instagram.com/explore/locations/356353781674855/s-m-d-manufacturing-pte-ltd/
csi-distribution-centre,https://www.instagram.com/explore/locations/346215026124950/csi-distribution-centre/
bus-90,https://www.instagram.com/explore/locations/737784207/bus-90/
fisher-paykel,https://www.instagram.com/explore/locations/45935237/fisher-paykel/
kan-car-rental,https://www.instagram.com/explore/locations/312012249491557/kan-car-rental/
blk-1026-jtc,https://www.instagram.com/explore/locations/343623189717043/blk-1026-jtc/
ruhens-singapore-stanley,https://www.instagram.com/explore/locations/361918024620581/ruhens-singapore-stanley/
christie,https://www.instagram.com/explore/locations/293508597392657/christie/
kan-fook-sing-motor,https://www.instagram.com/explore/locations/403461839692543/kan-fook-sing-motor/
spice-global-152-ubi-ave-4,https://www.instagram.com/explore/locations/334175099930477/spice-global-152-ubi-ave-4/
twelve15twenty-shoes-limited,https://www.instagram.com/explore/locations/285280631588948/twelve15twenty-shoes-limited/
bm-nagano,https://www.instagram.com/explore/locations/105427802875767/bm-nagano/
gorden-warehouse-building,https://www.instagram.com/explore/locations/651498017/gorden-warehouse-building/
digital-hub-pte-ltd,https://www.instagram.com/explore/locations/317626864941188/digital-hub-pte-ltd/
highlands-green,https://www.instagram.com/explore/locations/480694888770743/highlands-green/
milton-exhibits,https://www.instagram.com/explore/locations/496664900344538/milton-exhibits/
visual-studio-singapore,https://www.instagram.com/explore/locations/632106990331401/visual-studio-singapore/
fitri-foods,https://www.instagram.com/explore/locations/436082409855847/fitri-foods/
ubi-road-2,https://www.instagram.com/explore/locations/1017811184/ubi-road-2/
homeshake-sg,https://www.instagram.com/explore/locations/2397282660507829/homeshake-sg/
hozen-guitars,https://www.instagram.com/explore/locations/104287461899201/hozen-guitars/
reborn,https://www.instagram.com/explore/locations/655591594513021/reborn/
meditech-asia-alliance-pte-ltd,https://www.instagram.com/explore/locations/463284901165824/meditech-asia-alliance-pte-ltd/
maple-freight-express,https://www.instagram.com/explore/locations/98009291/maple-freight-express/
ruhens-singapore-vylan,https://www.instagram.com/explore/locations/541599119673736/ruhens-singapore-vylan/
bigfundr,https://www.instagram.com/explore/locations/109775378342131/bigfundr/
global-switch,https://www.instagram.com/explore/locations/535505620299680/global-switch/
dvola,https://www.instagram.com/explore/locations/916782071770687/dvola/
tai-seng-link-warehouse-sale,https://www.instagram.com/explore/locations/420202649/tai-seng-link-warehouse-sale/
citrine-foodland,https://www.instagram.com/explore/locations/102344898042494/citrine-foodland/
clean-beds,https://www.instagram.com/explore/locations/1225356267607710/clean-beds/
taiseng-drive,https://www.instagram.com/explore/locations/448229345549757/taiseng-drive/
singapore-civil-defence-force-hq,https://www.instagram.com/explore/locations/335337988/singapore-civil-defence-force-hq/
j-j-motorworks-pte-ltd,https://www.instagram.com/explore/locations/434637289946437/j-j-motorworks-pte-ltd/
sintech-automation,https://www.instagram.com/explore/locations/933560576/sintech-automation/
tempat-batman-robin,https://www.instagram.com/explore/locations/860122064035505/tempat-batman-robin/
sunflowertinkleland-childcare,https://www.instagram.com/explore/locations/1006630241/sunflowertinkleland-childcare/
nftsocietyagency,https://www.instagram.com/explore/locations/2266888516893193/nftsocietyagency/
parallel-parking-41-42-43,https://www.instagram.com/explore/locations/714322452263528/parallel-parking-41-42-43/
in,https://www.instagram.com/explore/locations/1487632834858516/in/
kim-chuan-eating-house-at-1010-tai-seng-ave,https://www.instagram.com/explore/locations/712456033/kim-chuan-eating-house-at-1010-tai-seng-ave/
dynamac-services,https://www.instagram.com/explore/locations/1885491658330170/dynamac-services/
tuned2race-singapore,https://www.instagram.com/explore/locations/1929033907115996/tuned2race-singapore/
bmecasia,https://www.instagram.com/explore/locations/101807963197683/bmecasia/
katrin-bj-pte-ltd,https://www.instagram.com/explore/locations/1403598073278702/katrin-bj-pte-ltd/
1010-korean-food,https://www.instagram.com/explore/locations/2114271268623132/1010-korean-food/
dickson-capital-pte-ltd,https://www.instagram.com/explore/locations/1839040879678659/dickson-capital-pte-ltd/
rejoint-,https://www.instagram.com/explore/locations/107688254859482/rejoint-/
kah-motor-co-sdn-bhd,https://www.instagram.com/explore/locations/110237454/kah-motor-co-sdn-bhd/
lim-wen-heng-construction-pte-lts-hq,https://www.instagram.com/explore/locations/1030245571/lim-wen-heng-construction-pte-lts-hq/
homma,https://www.instagram.com/explore/locations/101189228361068/homma/
global-recruitment-consultancy,https://www.instagram.com/explore/locations/702329563/global-recruitment-consultancy/
mazda-premium-brand,https://www.instagram.com/explore/locations/100316324917457/mazda-premium-brand/
engage-media,https://www.instagram.com/explore/locations/106403942741397/engage-media/
vape-singapore,https://www.instagram.com/explore/locations/100893278655727/vape-singapore/
h3-geospatial-technologies-pte-ltd,https://www.instagram.com/explore/locations/106232588573237/h3-geospatial-technologies-pte-ltd/
ew3,https://www.instagram.com/explore/locations/527092323/ew3/
francotyp-postalia-asia-pte-ltd,https://www.instagram.com/explore/locations/492968950/francotyp-postalia-asia-pte-ltd/
best-toy,https://www.instagram.com/explore/locations/104194634679688/best-toy/
cheng-jing-hui-dragon-lion-dance-association,https://www.instagram.com/explore/locations/107692022268386/cheng-jing-hui-dragon-lion-dance-association/
micro-2000,https://www.instagram.com/explore/locations/1016605296/micro-2000/
hq-scdf-emb-rescue-lvl-6,https://www.instagram.com/explore/locations/126275860800757/hq-scdf-emb-rescue-lvl-6/
wallaw-productions-pte-ltd,https://www.instagram.com/explore/locations/1031426857/wallaw-productions-pte-ltd/
gacha-sg,https://www.instagram.com/explore/locations/100161061684715/gacha-sg/
koon-seng-rd,https://www.instagram.com/explore/locations/745072803/koon-seng-rd/
4d-victory-number,https://www.instagram.com/explore/locations/103122714465625/4d-victory-number/
scdf-logs-dept,https://www.instagram.com/explore/locations/147950971932320/scdf-logs-dept/
citrine-foodland-a-brand-new-freehold-food-factory-by-goodland,https://www.instagram.com/explore/locations/104271227850814/citrine-foodland-a-brand-new-freehold-food-factory-by-goodland/
cdc-main-carpark,https://www.instagram.com/explore/locations/837286503/cdc-main-carpark/
10-kaki-bukit-road-2,https://www.instagram.com/explore/locations/370004197/10-kaki-bukit-road-2/
shotech-press,https://www.instagram.com/explore/locations/1032019513/shotech-press/
231-ubi-avenue-4,https://www.instagram.com/explore/locations/696843185/231-ubi-avenue-4/
aveda,https://www.instagram.com/explore/locations/359919907/aveda/
visual-studio,https://www.instagram.com/explore/locations/863370860/visual-studio/
charleskeith-group-headquarters,https://www.instagram.com/explore/locations/384418349/charleskeith-group-headquarters/
bikeworkz-10-kaki-bukit-road-2,https://www.instagram.com/explore/locations/1013477065/bikeworkz-10-kaki-bukit-road-2/
eliphant-pte-ltd,https://www.instagram.com/explore/locations/177534289859265/eliphant-pte-ltd/
as-surface-finishing-pte-ltd,https://www.instagram.com/explore/locations/169050767052634/as-surface-finishing-pte-ltd/
perfect-window-films,https://www.instagram.com/explore/locations/115716921856855/perfect-window-films/
ednovationgroup,https://www.instagram.com/explore/locations/190545738138769/ednovationgroup/
pure-sport,https://www.instagram.com/explore/locations/105549644520086/pure-sport/
niu-niu-niu-working-place,https://www.instagram.com/explore/locations/181747921866868/niu-niu-niu-working-place/
cs-social-group-desg,https://www.instagram.com/explore/locations/103661687709943/cs-social-group-desg/
fluidigm-pte-ltd,https://www.instagram.com/explore/locations/1030061078/fluidigm-pte-ltd/
13-defu-lane-11,https://www.instagram.com/explore/locations/161507814016870/13-defu-lane-11/
comfort-driving-center,https://www.instagram.com/explore/locations/802625104/comfort-driving-center/
sbs-bus-55eunos-link,https://www.instagram.com/explore/locations/162679620475648/sbs-bus-55eunos-link/
octopus-building,https://www.instagram.com/explore/locations/147023159235218/octopus-building/
dc-east,https://www.instagram.com/explore/locations/183130568380587/dc-east/
diamond-building,https://www.instagram.com/explore/locations/143363565763805/diamond-building/
car-pro-automotive-pte-ltd,https://www.instagram.com/explore/locations/41827057/car-pro-automotive-pte-ltd/
verdale-at-district-21-living-near-to-nature,https://www.instagram.com/explore/locations/102648941572484/verdale-at-district-21-living-near-to-nature/
mshs,https://www.instagram.com/explore/locations/1026357477/mshs/
rubbish-dump,https://www.instagram.com/explore/locations/187361227966999/rubbish-dump/
330-ubi-rd-3,https://www.instagram.com/explore/locations/157598187702534/330-ubi-rd-3/
indeco-engineers-defu-lane-12,https://www.instagram.com/explore/locations/346192163/indeco-engineers-defu-lane-12/
kakibukit-golden-warehouse,https://www.instagram.com/explore/locations/745047982/kakibukit-golden-warehouse/
panasonic-regional-training-center,https://www.instagram.com/explore/locations/50950519/panasonic-regional-training-center/
thai-cuisine-from-phitsanulok,https://www.instagram.com/explore/locations/128068953720527/thai-cuisine-from-phitsanulok/
boon-siew-singapore-pte-ltd,https://www.instagram.com/explore/locations/919217762/boon-siew-singapore-pte-ltd/
whiterock-medical-company-pte-ltd,https://www.instagram.com/explore/locations/112489978788441/whiterock-medical-company-pte-ltd/
paya-lebar-fire-station-2nd-division,https://www.instagram.com/explore/locations/927113607/paya-lebar-fire-station-2nd-division/
comfortdelgro-driving-centre,https://www.instagram.com/explore/locations/797333945/comfortdelgro-driving-centre/
17-kim-chuan-terrace,https://www.instagram.com/explore/locations/443198125/17-kim-chuan-terrace/
u-save-fb-equipment-pte-ltd,https://www.instagram.com/explore/locations/179859742057072/u-save-fb-equipment-pte-ltd/
partyworld-nex,https://www.instagram.com/explore/locations/182197581897041/partyworld-nex/
scdf-nspd,https://www.instagram.com/explore/locations/155579861163503/scdf-nspd/
acmotor,https://www.instagram.com/explore/locations/164926646895253/acmotor/
150-ubi-biz-hub,https://www.instagram.com/explore/locations/182304996027485/150-ubi-biz-hub/
kedai-bubur-pulut-hitam-pak-ady,https://www.instagram.com/explore/locations/171454462707264/kedai-bubur-pulut-hitam-pak-ady/
in-bus-25,https://www.instagram.com/explore/locations/746820688/in-bus-25/
zervex-at-ubi,https://www.instagram.com/explore/locations/293045250/zervex-at-ubi/
u-10-eating-house,https://www.instagram.com/explore/locations/2392738737679692/u-10-eating-house/
scdf-hq-career-centre,https://www.instagram.com/explore/locations/134751700065743/scdf-hq-career-centre/
ad-i-wrks,https://www.instagram.com/explore/locations/166092426915979/ad-i-wrks/
amk-mcdonald,https://www.instagram.com/explore/locations/1009800824/amk-mcdonald/
cyclamen-cottage-melacca,https://www.instagram.com/explore/locations/729486439/cyclamen-cottage-melacca/
hilda-loe-associates-pte-ltd,https://www.instagram.com/explore/locations/373655052/hilda-loe-associates-pte-ltd/
tsh-synergy-pte-ltd,https://www.instagram.com/explore/locations/252183914944501/tsh-synergy-pte-ltd/
kuhl-store,https://www.instagram.com/explore/locations/139527972841329/kuhl-store/
12-tai-seng-link,https://www.instagram.com/explore/locations/191845408368852/12-tai-seng-link/
fedex-singapore,https://www.instagram.com/explore/locations/142807815842935/fedex-singapore/
jalan-frust-menonggeng,https://www.instagram.com/explore/locations/118824441603490/jalan-frust-menonggeng/
hougang-community-centre,https://www.instagram.com/explore/locations/152973191535111/hougang-community-centre/
jrfa-ride,https://www.instagram.com/explore/locations/190923544264240/jrfa-ride/
foysal,https://www.instagram.com/explore/locations/131176190354433/foysal/
trainingroombiz,https://www.instagram.com/explore/locations/135449249977889/trainingroombiz/
success-united-pte-ltd,https://www.instagram.com/explore/locations/1017782218/success-united-pte-ltd/
rsaf-htc-training,https://www.instagram.com/explore/locations/129327357146482/rsaf-htc-training/
golden-circle,https://www.instagram.com/explore/locations/150285011496145/golden-circle/
paya-lebar-air-force-museum,https://www.instagram.com/explore/locations/756806392/paya-lebar-air-force-museum/
hup-meng,https://www.instagram.com/explore/locations/223036314412642/hup-meng/
scoopys-and-cream,https://www.instagram.com/explore/locations/937849748/scoopys-and-cream/
memorable-design,https://www.instagram.com/explore/locations/254150875259421/memorable-design/
aciclo-international-pte-ltd,https://www.instagram.com/explore/locations/198759787436356/aciclo-international-pte-ltd/
cybernetic-racing,https://www.instagram.com/explore/locations/213405745391438/cybernetic-racing/
mycarshop-singapore,https://www.instagram.com/explore/locations/850736128/mycarshop-singapore/
natural,https://www.instagram.com/explore/locations/204793403432234/natural/
1-kim-chuan-lane,https://www.instagram.com/explore/locations/281916479112715/1-kim-chuan-lane/
tcs-automotive-services-sg,https://www.instagram.com/explore/locations/244000099732186/tcs-automotive-services-sg/
datapulse-technology,https://www.instagram.com/explore/locations/215832905103629/datapulse-technology/
sg-lights-pte-ltd,https://www.instagram.com/explore/locations/1013766670/sg-lights-pte-ltd/
kilang-tin-kosong,https://www.instagram.com/explore/locations/225128760942685/kilang-tin-kosong/
my-car-grooming-services,https://www.instagram.com/explore/locations/280991616144174/my-car-grooming-services/
shawn-holding-s-pte-ltd,https://www.instagram.com/explore/locations/154887964567092/shawn-holding-s-pte-ltd/
mercedes-service-centre,https://www.instagram.com/explore/locations/219041774831479/mercedes-service-centre/
kembangan-cc,https://www.instagram.com/explore/locations/245384500/kembangan-cc/
junk-to-clear,https://www.instagram.com/explore/locations/1015080591/junk-to-clear/
91-ubi-avenue-4,https://www.instagram.com/explore/locations/287818443/91-ubi-avenue-4/
o2circles,https://www.instagram.com/explore/locations/194513811096590/o2circles/
somewhere-near-aljunied,https://www.instagram.com/explore/locations/215452771809542/somewhere-near-aljunied/
39a-tai-seng-street-533970,https://www.instagram.com/explore/locations/206635249524976/39a-tai-seng-street-533970/
randalls-photography,https://www.instagram.com/explore/locations/201330203280806/randalls-photography/
may-chin-fish-porridge,https://www.instagram.com/explore/locations/217566514941671/may-chin-fish-porridge/
mtl-hq-scdf,https://www.instagram.com/explore/locations/270662343576821/mtl-hq-scdf/
bohol-beach-club,https://www.instagram.com/explore/locations/227509377281812/bohol-beach-club/
nue-its,https://www.instagram.com/explore/locations/222858961213206/nue-its/
the-serial-griddlers,https://www.instagram.com/explore/locations/225397654921621/the-serial-griddlers/
flatsharks,https://www.instagram.com/explore/locations/216244893127079/flatsharks/
ruk-thai,https://www.instagram.com/explore/locations/267246590048420/ruk-thai/
bus-stop-71079-comfort-driving-ctr,https://www.instagram.com/explore/locations/241265943236619/bus-stop-71079-comfort-driving-ctr/
cambridge-industrial-building,https://www.instagram.com/explore/locations/265199390248429/cambridge-industrial-building/
kim-chuang-road,https://www.instagram.com/explore/locations/1018298493/kim-chuang-road/
raindrop-audio,https://www.instagram.com/explore/locations/192943777431494/raindrop-audio/
sg-car-mart,https://www.instagram.com/explore/locations/249455149257231/sg-car-mart/
cleantools-group,https://www.instagram.com/explore/locations/197598143722335/cleantools-group/
work,https://www.instagram.com/explore/locations/203060643042410/work/
cj-trading,https://www.instagram.com/explore/locations/268619793477399/cj-trading/
ac-motors-ah-choong,https://www.instagram.com/explore/locations/252275515701950/ac-motors-ah-choong/
889-car-servicing,https://www.instagram.com/explore/locations/382101698590705/889-car-servicing/
zervex-bldg-ubi-road-2,https://www.instagram.com/explore/locations/1027779280/zervex-bldg-ubi-road-2/
kuang-guan-kopitiam,https://www.instagram.com/explore/locations/67903052/kuang-guan-kopitiam/
barclays,https://www.instagram.com/explore/locations/2480526025502650/barclays/
love-bonito,https://www.instagram.com/explore/locations/498083673877672/love-bonito/
my-life-inc,https://www.instagram.com/explore/locations/416529715076069/my-life-inc/
henson-warehouse,https://www.instagram.com/explore/locations/314756469323714/henson-warehouse/
carpigiani-gelato-university-singapore,https://www.instagram.com/explore/locations/401960767254095/carpigiani-gelato-university-singapore/
skin-inc,https://www.instagram.com/explore/locations/417503029046424/skin-inc/
power-grid,https://www.instagram.com/explore/locations/486903548496423/power-grid/
habibi-wheelchair-rental,https://www.instagram.com/explore/locations/610878695694671/habibi-wheelchair-rental/
cdc-level-2-rm-2,https://www.instagram.com/explore/locations/497293404085065/cdc-level-2-rm-2/
carpro-automotive-first-east-centre,https://www.instagram.com/explore/locations/372933336089799/carpro-automotive-first-east-centre/
sat-leasing-sg,https://www.instagram.com/explore/locations/765349976937464/sat-leasing-sg/
sano-d,https://www.instagram.com/explore/locations/103197371433485/sano-d/
christmas-warehouse-sales,https://www.instagram.com/explore/locations/289563131686456/christmas-warehouse-sales/
ichi-seiki-hq,https://www.instagram.com/explore/locations/333755066682739/ichi-seiki-hq/
singapore-civil-defense,https://www.instagram.com/explore/locations/394788197246993/singapore-civil-defense/
office-at-my-desk,https://www.instagram.com/explore/locations/757063574/office-at-my-desk/
octopus-group,https://www.instagram.com/explore/locations/334032877406510/octopus-group/
ec-studio,https://www.instagram.com/explore/locations/1029664056/ec-studio/
kakit-bukit-stamford-tyres,https://www.instagram.com/explore/locations/493462340670909/kakit-bukit-stamford-tyres/
rawwfoodies,https://www.instagram.com/explore/locations/103437882834/rawwfoodies/
business-thrust-pte-ltd,https://www.instagram.com/explore/locations/896039437086486/business-thrust-pte-ltd/
e-trial-test-comfort-driving-centre,https://www.instagram.com/explore/locations/1021242615/e-trial-test-comfort-driving-centre/
517-airport-road,https://www.instagram.com/explore/locations/1035547314/517-airport-road/
global-petroleum-valves-service-facility,https://www.instagram.com/explore/locations/1014118535/global-petroleum-valves-service-facility/
nucleus-connect-co1,https://www.instagram.com/explore/locations/243385137/nucleus-connect-co1/
lau-yuen-tong-singapore,https://www.instagram.com/explore/locations/2230139893934730/lau-yuen-tong-singapore/
pacific-internet,https://www.instagram.com/explore/locations/1060685893952016/pacific-internet/
smart-home-asia-pte-ltd,https://www.instagram.com/explore/locations/323682894653291/smart-home-asia-pte-ltd/
the-luxe-edition,https://www.instagram.com/explore/locations/103542291821315/the-luxe-edition/
payer-lebar-road,https://www.instagram.com/explore/locations/1019727626/payer-lebar-road/
ruhens-sg-jeremy,https://www.instagram.com/explore/locations/1219379491501387/ruhens-sg-jeremy/
autospritze-motor-1-kim-chuan-terrace,https://www.instagram.com/explore/locations/1032940017/autospritze-motor-1-kim-chuan-terrace/
kan-fook-sing,https://www.instagram.com/explore/locations/1017788342/kan-fook-sing/
signature-fashion-pte-ltd,https://www.instagram.com/explore/locations/1388421721426024/signature-fashion-pte-ltd/
futuriz,https://www.instagram.com/explore/locations/757390457654721/futuriz/
cdc-3rdfloor-locker-room,https://www.instagram.com/explore/locations/911373860/cdc-3rdfloor-locker-room/
honda-service-centre-ubi,https://www.instagram.com/explore/locations/374108365965952/honda-service-centre-ubi/
octopus-building,https://www.instagram.com/explore/locations/477283776022629/octopus-building/
black-ink-express,https://www.instagram.com/explore/locations/100484633056447/black-ink-express/
zervex-building,https://www.instagram.com/explore/locations/1033335800/zervex-building/
10-hamilton-road,https://www.instagram.com/explore/locations/360286417350628/10-hamilton-road/
anewtech-systems,https://www.instagram.com/explore/locations/128615101948/anewtech-systems/
charles-keith-warehouse-sale,https://www.instagram.com/explore/locations/424731577/charles-keith-warehouse-sale/
kan-fook-sing-motor-workshop,https://www.instagram.com/explore/locations/370598913550271/kan-fook-sing-motor-workshop/
crescendas-group,https://www.instagram.com/explore/locations/352435292133316/crescendas-group/
hazmat-dept-hq-scdf,https://www.instagram.com/explore/locations/318476235648088/hazmat-dept-hq-scdf/
vornado-singapore,https://www.instagram.com/explore/locations/945345699005526/vornado-singapore/
knw-carspray,https://www.instagram.com/explore/locations/429090473944115/knw-carspray/
joey-visionary-interior-design,https://www.instagram.com/explore/locations/101143459391704/joey-visionary-interior-design/
fx-change-sg,https://www.instagram.com/explore/locations/379412746151478/fx-change-sg/
5-tai-seng-drive-steel-industries,https://www.instagram.com/explore/locations/297279690366152/5-tai-seng-drive-steel-industries/
xh-chatpay,https://www.instagram.com/explore/locations/1156863364430301/xh-chatpay/
kaki-bukit-storage,https://www.instagram.com/explore/locations/274703299282590/kaki-bukit-storage/
smart-innovation-centre,https://www.instagram.com/explore/locations/776239851/smart-innovation-centre/
robin-audio-technik,https://www.instagram.com/explore/locations/339988191/robin-audio-technik/
tsh-synergy-pte-ltd,https://www.instagram.com/explore/locations/2374877942747841/tsh-synergy-pte-ltd/
deuter,https://www.instagram.com/explore/locations/1610801108935012/deuter/
sony-dc-global-switch,https://www.instagram.com/explore/locations/2139923142685430/sony-dc-global-switch/
ae-connectz-pte-ltd,https://www.instagram.com/explore/locations/747362995433428/ae-connectz-pte-ltd/
tai-hing-metal-ind-pte-ltd,https://www.instagram.com/explore/locations/1884822691803506/tai-hing-metal-ind-pte-ltd/
kampong-ubi-driving-test-center,https://www.instagram.com/explore/locations/1035908443191711/kampong-ubi-driving-test-center/
gym-paya-lebar-fire-station,https://www.instagram.com/explore/locations/1033350548/gym-paya-lebar-fire-station/
res-building-singapore,https://www.instagram.com/explore/locations/1024297745/res-building-singapore/
exe-pte-ltd,https://www.instagram.com/explore/locations/1644098415846650/exe-pte-ltd/
bardox-singapore-malaysia,https://www.instagram.com/explore/locations/519821608426509/bardox-singapore-malaysia/
paradise-group-holdings-pte-ltd,https://www.instagram.com/explore/locations/2195514543806636/paradise-group-holdings-pte-ltd/
